ciclo,passada,iteracao,vizinhanca,recurso,disciplinas_livres,variaveis_x_livres,variaveis_x_fixadas,status_solver,objetivo_anterior,objetivo_candidato,melhorou,objetivo_incumbente,tempo_gasto_s,tempo_solver_s,tempo_limite_subproblema_s,curso,sementes,bloqueadores,quantidade_sementes,quantidade_bloqueadores,score_sementes,conflitos_encontrados,variaveis_x_estimadas,percentual_x_estimado,limite_variaveis_x,profundidade_expansao,falhas_consecutivas_antes
1,1,1,curso,ADM,48,9292,85698,OPTIMAL,186294.0,186289.0,True,186289.0,0.9,0.65,600.0,ADM,,,,,,,,,,,
1,1,2,curso,AGRO,51,8740,86250,OPTIMAL,186289.0,186286.0,True,186286.0,3.87,3.53,600.0,AGRO,,,,,,,,,,,
1,1,3,curso,CC,47,10534,84456,OPTIMAL,186286.0,186286.0,False,186286.0,1.07,0.72,600.0,CC,,,,,,,,,,,
1,1,4,curso,CS,22,4554,90436,OPTIMAL,186286.0,186286.0,False,186286.0,0.68,0.32,600.0,CS,,,,,,,,,,,
1,1,5,curso,EAS,45,7452,87538,OPTIMAL,186286.0,186286.0,False,186286.0,0.72,0.4,600.0,EAS,,,,,,,,,,,
1,1,6,curso,ENF,18,8510,86480,OPTIMAL,186286.0,186141.0,True,186141.0,5.32,4.99,600.0,ENF,,,,,,,,,,,
1,1,7,curso,FIL,15,2760,92230,OPTIMAL,186141.0,186141.0,False,186141.0,0.61,0.27,600.0,FIL,,,,,,,,,,,
1,1,8,curso,GEO,10,2070,92920,OPTIMAL,186141.0,186141.0,False,186141.0,0.62,0.28,600.0,GEO,,,,,,,,,,,
1,1,9,curso,HIS,24,4784,90206,OPTIMAL,186141.0,186141.0,False,186141.0,0.67,0.35,600.0,HIS,,,,,,,,,,,
1,1,10,curso,LET,36,9154,85836,OPTIMAL,186141.0,186141.0,False,186141.0,3.16,2.82,600.0,LET,,,,,,,,,,,
1,1,11,curso,MAT,23,4968,90022,OPTIMAL,186141.0,186141.0,False,186141.0,0.78,0.4,600.0,MAT,,,,,,,,,,,
1,1,12,curso,MED,41,9384,85606,OPTIMAL,186141.0,186141.0,False,186141.0,1.12,0.8,600.0,MED,,,,,,,,,,,
1,1,13,curso,PED,56,12788,82202,OPTIMAL,186141.0,186107.5,True,186107.5,17.85,17.54,600.0,PED,,,,,,,,,,,
1,2,1,curso,ADM,48,9292,85698,OPTIMAL,186107.5,186107.5,False,186107.5,0.92,0.57,600.0,ADM,,,,,,,,,,,
1,2,2,curso,AGRO,51,8740,86250,OPTIMAL,186107.5,186107.5,False,186107.5,4.56,4.19,600.0,AGRO,,,,,,,,,,,
1,2,3,curso,CC,47,10534,84456,OPTIMAL,186107.5,186107.5,False,186107.5,1.14,0.79,600.0,CC,,,,,,,,,,,
1,2,4,curso,CS,22,4554,90436,OPTIMAL,186107.5,186107.5,False,186107.5,0.65,0.32,600.0,CS,,,,,,,,,,,
1,2,5,curso,EAS,45,7452,87538,OPTIMAL,186107.5,186107.5,False,186107.5,0.72,0.4,600.0,EAS,,,,,,,,,,,
1,2,6,curso,ENF,18,8510,86480,OPTIMAL,186107.5,186107.5,False,186107.5,3.5,3.19,600.0,ENF,,,,,,,,,,,
1,2,7,curso,FIL,15,2760,92230,OPTIMAL,186107.5,186107.5,False,186107.5,0.61,0.28,600.0,FIL,,,,,,,,,,,
1,2,8,curso,GEO,10,2070,92920,OPTIMAL,186107.5,186107.5,False,186107.5,0.6,0.28,600.0,GEO,,,,,,,,,,,
1,2,9,curso,HIS,24,4784,90206,OPTIMAL,186107.5,186107.5,False,186107.5,0.66,0.34,600.0,HIS,,,,,,,,,,,
1,2,10,curso,LET,36,9154,85836,OPTIMAL,186107.5,186107.5,False,186107.5,3.45,3.13,600.0,LET,,,,,,,,,,,
1,2,11,curso,MAT,23,4968,90022,OPTIMAL,186107.5,186107.5,False,186107.5,0.69,0.35,600.0,MAT,,,,,,,,,,,
1,2,12,curso,MED,41,9384,85606,OPTIMAL,186107.5,186107.5,False,186107.5,1.11,0.77,600.0,MED,,,,,,,,,,,
1,2,13,curso,PED,56,12788,82202,OPTIMAL,186107.5,186107.5,False,186107.5,28.09,27.76,600.0,PED,,,,,,,,,,,
1,3,1,penalidade_bloqueadores,seeds_GLA553_1-GSA022_1-GLA379_1-GCH837_2-GLA385_1,25,11316,83674,OPTIMAL,186107.5,186107.5,False,186107.5,0.81,0.47,600.0,,GLA553_1;GSA022_1;GLA379_1;GCH837_2;GLA385_1,GCA039_1;GCB080_1;GCH029_1;GCH029_2;GCH291_3;GCH855_1;GEX094_1;GEX560_1;GLA358_1;GLA361_1;GLA363_1;GLA490_1;GLA500_1;GSA018_1;GSA019_1;GSA0305_1;GSA0308_1;GSA0309_1;GSA046_1;GSA297_1,5,20,17039.0,190,11316,0.119128,11398,1,0
1,3,2,penalidade_bloqueadores,seeds_GLA380_1-GLA395_1-GLA500_1-GLA506_1-GLA361_1,17,6256,88734,OPTIMAL,186107.5,186107.5,False,186107.5,0.71,0.38,600.0,,GLA380_1;GLA395_1;GLA500_1;GLA506_1;GLA361_1,GCA061_1;GCA244_1;GCH292_3;GCH630_1;GEX094_1;GLA001_1;GLA104_3;GLA362_1;GLA469_1;GLA490_1;GLA553_1;GSA022_1,5,12,11220.0,71,6256,0.06586,11398,1,1
1,3,3,penalidade_bloqueadores,seeds_GLA362_1-GLA469_1-GLA490_1-GLA517_1-GLA550_1,14,4048,90942,OPTIMAL,186107.5,186107.5,False,186107.5,0.66,0.32,600.0,,GLA362_1;GLA469_1;GLA490_1;GLA517_1;GLA550_1,GCH621_1;GCH630_1;GEX210_5;GEX212_2;GLA104_3;GLA361_1;GLA500_1;GLA506_1;GLA553_1,5,9,9660.0,50,4048,0.042615,11398,1,2
1,3,4,penalidade_bloqueadores,seeds_GCH029_2-GCH291_3-GEX210_5-GLA363_1-GCH292_4,14,2622,92368,OPTIMAL,186107.5,186107.5,False,186107.5,0.62,0.29,600.0,,GCH029_2;GCH291_3;GEX210_5;GLA363_1;GCH292_4,GCH619_1;GCH645_1;GEX105_1;GEX555_1;GEX605_1;GEX605_2;GEX615_1;GLA108_1;GLA517_1,5,9,8915.0,44,2622,0.027603,11398,1,3
1,3,5,penalidade_bloqueadores,seeds_GEX002_1-GLA001_2-GLA001_3-GLA104_5-GLA355_1,25,4830,90160,OPTIMAL,186107.5,186107.5,False,186107.5,0.65,0.32,600.0,,GEX002_1;GLA001_2;GLA001_3;GLA104_5;GLA355_1,GCH290_2;GCS580_1;GEN253_1;GEN254_1;GEX055_1;GEX090_1;GEX108_1;GEX178_1;GEX195_1;GEX210_2;GEX213_1;GEX609_1;GEX609_2;GEX612_1;GEX613_1;GEX613_2;GEX616_1;GLA104_2;GLA356_1;GLA357_1,5,20,8895.0,69,4830,0.050847,11398,1,4
1,3,6,penalidade_bloqueadores,seeds_GLA356_1-GLA357_1-GCH011_1-GCH838_1-GLA358_1,19,3680,91310,OPTIMAL,186107.5,186107.5,False,186107.5,0.63,0.31,600.0,,GLA356_1;GLA357_1;GCH011_1;GCH838_1;GLA358_1,GCH621_1;GCH849_1;GEN253_1;GEN254_1;GEX002_1;GEX055_1;GEX090_1;GEX108_1;GEX208_3;GEX210_5;GEX555_1;GEX612_1;GLA001_2;GLA371_1,5,14,8880.0,57,3680,0.038741,11398,1,5
1,3,7,penalidade_bloqueadores,seeds_GLA370_1-GLA371_1-GLA372_1-GLA382_1-GLA393_1,21,4048,90942,OPTIMAL,186107.5,186107.5,False,186107.5,0.63,0.3,600.0,,GLA370_1;GLA371_1;GLA372_1;GLA382_1;GLA393_1,GCH011_1;GCH291_2;GCH370_1;GCH846_1;GEX208_3;GEX210_5;GEX212_2;GEX221_1;GEX555_1;GEX997_1;GLA104_3;GLA469_1;GLA500_1;GLA506_1;GLA517_1;GLA550_1,5,16,8870.0,63,4048,0.042615,11398,1,6
1,3,8,penalidade_bloqueadores,seeds_GLA394_1-GLA396_1-GCH1128_1-GEX094_1-GEX638_1,23,7360,87630,OPTIMAL,186107.5,186107.5,False,186107.5,0.73,0.41,600.0,,GLA394_1;GLA396_1;GCH1128_1;GEX094_1;GEX638_1,GCH1088_1;GCH1110_1;GCH1113_1;GCH1115_1;GCH1117_1;GCH1122_1;GCH1131_1;GCH1283_1;GCH1412_1;GCH1433_1;GCH1448_1;GCH290_5;GCH293_5;GCH369_1;GCH837_3;GEX777_1;GEX981_1;GLA379_1,5,18,8187.5,78,7360,0.077482,11398,1,7
1,3,9,penalidade_bloqueadores,seeds_GEX1104_1-GSA289_1-GEX392_1-GSA0307_1-GCA225_1,34,11362,83628,OPTIMAL,186107.5,186107.5,False,186107.5,0.77,0.46,600.0,,GEX1104_1;GSA289_1;GEX392_1;GSA0307_1;GCA225_1,GCA0683_1;GCA0683_2;GCA238_1;GCB057_1;GCB0607_1;GCB0608_1;GCH090_2;GCH1412_1;GCS238_5;GEX1047_1;GLA0705_1;GLA0706_1;GLA379_1;GLA385_1;GSA018_1;GSA0308_1;GSA0309_1;GSA0374_1;GSA0377_1;GSA046_1;GSA048_1;GSA175_2;GSA181_1;GSA197_1;GSA285_1;GSA295_1;GSA297_1;GSA300_1;GSA301_1,5,29,6650.5,101,11362,0.119613,11398,1,8
1,3,10,penalidade_bloqueadores,seeds_GCA244_1-GCA060_1-GCA268_1-GCA038_1-GEN081_1,26,5934,89056,OPTIMAL,186107.5,186107.5,False,186107.5,0.7,0.39,600.0,,GCA244_1;GCA060_1;GCA268_1;GCA038_1;GEN081_1,GCA039_1;GCA041_1;GCA0683_1;GCA0683_2;GCA0684_1;GCA238_1;GCA259_1;GCB057_1;GCB140_1;GCH292_6;GCH641_1;GEN090_1;GSA0308_1;GSA0374_1;GSA0377_1;GSA0378_1;GSA182_1;GSA196_1;GSA291_1;GSA295_1;GSA301_1,5,21,6002.5,97,5934,0.06247,11398,1,9
