ciclo,passada,iteracao,vizinhanca,recurso,disciplinas_livres,variaveis_x_livres,variaveis_x_fixadas,status_solver,objetivo_anterior,objetivo_candidato,melhorou,objetivo_incumbente,tempo_gasto_s,tempo_solver_s,tempo_limite_subproblema_s,curso,ordem_cursos,seed_ordem_cursos,posicao_ordem_curso
1,1,1,curso,ADM,48,9292,85698,OPTIMAL,3264325.0,2924498.0,True,2924498.0,2.04,1.84,600.0,ADM,alfabetica,,1
1,1,2,curso,AGRO,51,8740,86250,OPTIMAL,2924498.0,2622041.0,True,2622041.0,1.06,0.77,600.0,AGRO,alfabetica,,2
1,1,3,curso,CC,47,10534,84456,OPTIMAL,2622041.0,2185164.0,True,2185164.0,16.12,15.83,600.0,CC,alfabetica,,3
1,1,4,curso,CS,22,4554,90436,OPTIMAL,2185164.0,2057294.0,True,2057294.0,0.69,0.4,600.0,CS,alfabetica,,4
1,1,5,curso,EAS,45,7452,87538,OPTIMAL,2057294.0,1884482.0,True,1884482.0,1.1,0.81,600.0,EAS,alfabetica,,5
1,1,6,curso,ENF,18,8510,86480,OPTIMAL,1884482.0,1591366.0,True,1591366.0,3.62,3.33,600.0,ENF,alfabetica,,6
1,1,7,curso,FIL,15,2760,92230,OPTIMAL,1591366.0,1511138.5,True,1511138.5,0.62,0.32,600.0,FIL,alfabetica,,7
1,1,8,curso,GEO,10,2070,92920,OPTIMAL,1511138.5,1475557.5,True,1475557.5,0.61,0.31,600.0,GEO,alfabetica,,8
1,1,9,curso,HIS,24,4784,90206,OPTIMAL,1475557.5,1339929.5,True,1339929.5,0.68,0.39,600.0,HIS,alfabetica,,9
1,1,10,curso,LET,36,9154,85836,OPTIMAL,1339929.5,1062603.5,True,1062603.5,5.6,5.31,600.0,LET,alfabetica,,10
1,1,11,curso,MAT,23,4968,90022,OPTIMAL,1062603.5,901690.0,True,901690.0,0.71,0.41,600.0,MAT,alfabetica,,11
1,1,12,curso,MED,41,9384,85606,TIME_LIMIT,901690.0,631440.0,True,631440.0,600.38,600.05,600.0,MED,alfabetica,,12
1,1,13,curso,PED,56,12788,82202,TIME_LIMIT,631440.0,219996.0,True,219996.0,600.42,600.04,600.0,PED,alfabetica,,13
1,2,1,curso,ADM,48,9292,85698,OPTIMAL,219996.0,219981.0,True,219981.0,0.98,0.63,600.0,ADM,alfabetica,,1
1,2,2,curso,AGRO,51,8740,86250,OPTIMAL,219981.0,219966.0,True,219966.0,0.89,0.54,600.0,AGRO,alfabetica,,2
1,2,3,curso,CC,47,10534,84456,OPTIMAL,219966.0,219966.0,False,219966.0,1.75,1.43,600.0,CC,alfabetica,,3
1,2,4,curso,CS,22,4554,90436,OPTIMAL,219966.0,219931.0,True,219931.0,0.67,0.33,600.0,CS,alfabetica,,4
1,2,5,curso,EAS,45,7452,87538,OPTIMAL,219931.0,218136.0,True,218136.0,0.79,0.45,600.0,EAS,alfabetica,,5
1,2,6,curso,ENF,18,8510,86480,OPTIMAL,218136.0,218136.0,False,218136.0,1.17,0.85,600.0,ENF,alfabetica,,6
1,2,7,curso,FIL,15,2760,92230,OPTIMAL,218136.0,218136.0,False,218136.0,0.61,0.27,600.0,FIL,alfabetica,,7
1,2,8,curso,GEO,10,2070,92920,OPTIMAL,218136.0,218136.0,False,218136.0,0.61,0.28,600.0,GEO,alfabetica,,8
1,2,9,curso,HIS,24,4784,90206,OPTIMAL,218136.0,218131.0,True,218131.0,0.69,0.36,600.0,HIS,alfabetica,,9
1,2,10,curso,LET,36,9154,85836,OPTIMAL,218131.0,218116.0,True,218116.0,2.68,2.35,600.0,LET,alfabetica,,10
1,2,11,curso,MAT,23,4968,90022,OPTIMAL,218116.0,217411.0,True,217411.0,0.76,0.41,600.0,MAT,alfabetica,,11
1,2,12,curso,MED,41,9384,85606,TIME_LIMIT,217411.0,217195.5,True,217195.5,600.48,600.09,600.0,MED,alfabetica,,12
1,2,13,curso,PED,56,12788,82202,TIME_LIMIT,217195.5,217095.5,True,217095.5,600.43,600.04,600.0,PED,alfabetica,,13
1,3,1,curso,ADM,48,9292,85698,OPTIMAL,217095.5,217095.5,False,217095.5,0.91,0.55,600.0,ADM,alfabetica,,1
1,3,2,curso,AGRO,51,8740,86250,OPTIMAL,217095.5,217095.5,False,217095.5,0.75,0.42,600.0,AGRO,alfabetica,,2
1,3,3,curso,CC,47,10534,84456,OPTIMAL,217095.5,217095.5,False,217095.5,1.8,1.49,600.0,CC,alfabetica,,3
1,3,4,curso,CS,22,4554,90436,OPTIMAL,217095.5,217095.5,False,217095.5,0.66,0.33,600.0,CS,alfabetica,,4
1,3,5,curso,EAS,45,7452,87538,OPTIMAL,217095.5,217070.5,True,217070.5,0.76,0.43,600.0,EAS,alfabetica,,5
1,3,6,curso,ENF,18,8510,86480,OPTIMAL,217070.5,217070.5,False,217070.5,1.35,1.03,600.0,ENF,alfabetica,,6
1,3,7,curso,FIL,15,2760,92230,OPTIMAL,217070.5,217070.5,False,217070.5,0.61,0.28,600.0,FIL,alfabetica,,7
1,3,8,curso,GEO,10,2070,92920,OPTIMAL,217070.5,217070.5,False,217070.5,0.58,0.26,600.0,GEO,alfabetica,,8
1,3,9,curso,HIS,24,4784,90206,OPTIMAL,217070.5,217070.5,False,217070.5,0.69,0.37,600.0,HIS,alfabetica,,9
1,3,10,curso,LET,36,9154,85836,OPTIMAL,217070.5,217070.5,False,217070.5,3.09,2.76,600.0,LET,alfabetica,,10
1,3,11,curso,MAT,23,4968,90022,OPTIMAL,217070.5,217065.5,True,217065.5,0.7,0.36,600.0,MAT,alfabetica,,11
1,3,12,curso,MED,41,9384,85606,OPTIMAL,217065.5,217047.0,True,217047.0,502.13,501.8,600.0,MED,alfabetica,,12
1,3,13,curso,PED,56,12788,82202,TIME_LIMIT,217047.0,217047.0,False,217047.0,600.4,600.05,600.0,PED,alfabetica,,13
1,4,1,curso,ADM,48,9292,85698,OPTIMAL,217047.0,217047.0,False,217047.0,0.91,0.54,600.0,ADM,alfabetica,,1
1,4,2,curso,AGRO,51,8740,86250,OPTIMAL,217047.0,217047.0,False,217047.0,0.77,0.43,600.0,AGRO,alfabetica,,2
1,4,3,curso,CC,47,10534,84456,OPTIMAL,217047.0,217047.0,False,217047.0,1.71,1.39,600.0,CC,alfabetica,,3
1,4,4,curso,CS,22,4554,90436,OPTIMAL,217047.0,217047.0,False,217047.0,0.65,0.33,600.0,CS,alfabetica,,4
1,4,5,curso,EAS,45,7452,87538,OPTIMAL,217047.0,217047.0,False,217047.0,0.68,0.36,600.0,EAS,alfabetica,,5
1,4,6,curso,ENF,18,8510,86480,OPTIMAL,217047.0,217047.0,False,217047.0,1.37,1.05,600.0,ENF,alfabetica,,6
1,4,7,curso,FIL,15,2760,92230,OPTIMAL,217047.0,217047.0,False,217047.0,0.6,0.27,600.0,FIL,alfabetica,,7
1,4,8,curso,GEO,10,2070,92920,OPTIMAL,217047.0,217047.0,False,217047.0,0.62,0.3,600.0,GEO,alfabetica,,8
1,4,9,curso,HIS,24,4784,90206,OPTIMAL,217047.0,217047.0,False,217047.0,0.66,0.34,600.0,HIS,alfabetica,,9
1,4,10,curso,LET,36,9154,85836,OPTIMAL,217047.0,217047.0,False,217047.0,4.35,4.0,600.0,LET,alfabetica,,10
1,4,11,curso,MAT,23,4968,90022,OPTIMAL,217047.0,217047.0,False,217047.0,0.67,0.32,600.0,MAT,alfabetica,,11
1,4,12,curso,MED,41,9384,85606,OPTIMAL,217047.0,217047.0,False,217047.0,545.48,545.16,600.0,MED,alfabetica,,12
1,4,13,curso,PED,56,12788,82202,TIME_LIMIT,217047.0,217047.0,False,217047.0,600.41,600.06,600.0,PED,alfabetica,,13
