ciclo,passada,iteracao,vizinhanca,recurso,disciplinas_livres,variaveis_x_livres,variaveis_x_fixadas,status_solver,objetivo_anterior,objetivo_candidato,melhorou,objetivo_incumbente,tempo_gasto_s,tempo_solver_s,tempo_limite_subproblema_s,curso,ordem_cursos,seed_ordem_cursos,posicao_ordem_curso,tipo_registro,parametro_tipo_vizinhanca,parametro_tempo_modelo_inicial_s,parametro_tempo_heuristica_inicial_s,parametro_tempo_subproblema_s,parametro_tempo_total_maximo_s,parametro_apenas_uma_passada,parametro_salvar_candidatos,parametro_ordem_cursos_solicitada,parametro_seed_ordem_cursos_solicitada,parametro_ordem_cursos,parametro_seed_ordem_cursos,parametro_arquivo_horarios,parametro_arquivo_salas,parametro_arquivo_salas_preferenciais,parametro_diretorio_execucao,parametro_arquivo_melhor_solucao,parametro_arquivo_log_csv,parametro_arquivo_log_json,parametro_gurobi_inicial_TimeLimit,parametro_gurobi_inicial_MIPFocus,parametro_gurobi_inicial_NoRelHeurTime,parametro_gurobi_subproblema_TimeLimit,parametro_gurobi_subproblema_MIPFocus,parametro_gurobi_subproblema_NoRelHeurTime,curso_a,curso_b,posicao_par
1,1,1,curso,ADM,48,9292,85698,OPTIMAL,186694.5,186661.5,True,186661.5,1.05,0.78,600.0,ADM,alfabetica,,1,iteracao,curso_pares,180.0,180.0,600.0,14400.0,False,False,alfabetica,,alfabetica,,./dados/2024_1/horarios_2024_1.xlsx,./dados/2024_1/salas_2024_1.csv,./dados/2024_1/salas_preferenciais_2024.1.xlsx,/Users/robertdrey/Documents/workspace/development/alocador_de_salas,resultados/experimentos/2024_1/curso_pares/total4h_inicial3min_norel3min_viz10min/20260923_214522/melhor_solucao.sol,resultados/experimentos/2024_1/curso_pares/total4h_inicial3min_norel3min_viz10min/20260923_214522/historico.csv,resultados/experimentos/2024_1/curso_pares/total4h_inicial3min_norel3min_viz10min/20260923_214522/historico.json,180.0,1,180.0,600.0,1,0,,,
1,1,2,curso,AGRO,51,8740,86250,OPTIMAL,186661.5,186658.5,True,186658.5,3.41,3.05,600.0,AGRO,alfabetica,,2,iteracao,curso_pares,180.0,180.0,600.0,14400.0,False,False,alfabetica,,alfabetica,,./dados/2024_1/horarios_2024_1.xlsx,./dados/2024_1/salas_2024_1.csv,./dados/2024_1/salas_preferenciais_2024.1.xlsx,/Users/robertdrey/Documents/workspace/development/alocador_de_salas,resultados/experimentos/2024_1/curso_pares/total4h_inicial3min_norel3min_viz10min/20260923_214522/melhor_solucao.sol,resultados/experimentos/2024_1/curso_pares/total4h_inicial3min_norel3min_viz10min/20260923_214522/historico.csv,resultados/experimentos/2024_1/curso_pares/total4h_inicial3min_norel3min_viz10min/20260923_214522/historico.json,180.0,1,180.0,600.0,1,0,,,
1,1,3,curso,CC,47,10534,84456,OPTIMAL,186658.5,186658.5,False,186658.5,1.05,0.71,600.0,CC,alfabetica,,3,iteracao,curso_pares,180.0,180.0,600.0,14400.0,False,False,alfabetica,,alfabetica,,./dados/2024_1/horarios_2024_1.xlsx,./dados/2024_1/salas_2024_1.csv,./dados/2024_1/salas_preferenciais_2024.1.xlsx,/Users/robertdrey/Documents/workspace/development/alocador_de_salas,resultados/experimentos/2024_1/curso_pares/total4h_inicial3min_norel3min_viz10min/20260923_214522/melhor_solucao.sol,resultados/experimentos/2024_1/curso_pares/total4h_inicial3min_norel3min_viz10min/20260923_214522/historico.csv,resultados/experimentos/2024_1/curso_pares/total4h_inicial3min_norel3min_viz10min/20260923_214522/historico.json,180.0,1,180.0,600.0,1,0,,,
1,1,4,curso,CS,22,4554,90436,OPTIMAL,186658.5,186658.5,False,186658.5,0.65,0.32,600.0,CS,alfabetica,,4,iteracao,curso_pares,180.0,180.0,600.0,14400.0,False,False,alfabetica,,alfabetica,,./dados/2024_1/horarios_2024_1.xlsx,./dados/2024_1/salas_2024_1.csv,./dados/2024_1/salas_preferenciais_2024.1.xlsx,/Users/robertdrey/Documents/workspace/development/alocador_de_salas,resultados/experimentos/2024_1/curso_pares/total4h_inicial3min_norel3min_viz10min/20260923_214522/melhor_solucao.sol,resultados/experimentos/2024_1/curso_pares/total4h_inicial3min_norel3min_viz10min/20260923_214522/historico.csv,resultados/experimentos/2024_1/curso_pares/total4h_inicial3min_norel3min_viz10min/20260923_214522/historico.json,180.0,1,180.0,600.0,1,0,,,
1,1,5,curso,EAS,45,7452,87538,OPTIMAL,186658.5,186648.5,True,186648.5,0.72,0.38,600.0,EAS,alfabetica,,5,iteracao,curso_pares,180.0,180.0,600.0,14400.0,False,False,alfabetica,,alfabetica,,./dados/2024_1/horarios_2024_1.xlsx,./dados/2024_1/salas_2024_1.csv,./dados/2024_1/salas_preferenciais_2024.1.xlsx,/Users/robertdrey/Documents/workspace/development/alocador_de_salas,resultados/experimentos/2024_1/curso_pares/total4h_inicial3min_norel3min_viz10min/20260923_214522/melhor_solucao.sol,resultados/experimentos/2024_1/curso_pares/total4h_inicial3min_norel3min_viz10min/20260923_214522/historico.csv,resultados/experimentos/2024_1/curso_pares/total4h_inicial3min_norel3min_viz10min/20260923_214522/historico.json,180.0,1,180.0,600.0,1,0,,,
1,1,6,curso,ENF,18,8510,86480,OPTIMAL,186648.5,186355.5,True,186355.5,2.86,2.53,600.0,ENF,alfabetica,,6,iteracao,curso_pares,180.0,180.0,600.0,14400.0,False,False,alfabetica,,alfabetica,,./dados/2024_1/horarios_2024_1.xlsx,./dados/2024_1/salas_2024_1.csv,./dados/2024_1/salas_preferenciais_2024.1.xlsx,/Users/robertdrey/Documents/workspace/development/alocador_de_salas,resultados/experimentos/2024_1/curso_pares/total4h_inicial3min_norel3min_viz10min/20260923_214522/melhor_solucao.sol,resultados/experimentos/2024_1/curso_pares/total4h_inicial3min_norel3min_viz10min/20260923_214522/historico.csv,resultados/experimentos/2024_1/curso_pares/total4h_inicial3min_norel3min_viz10min/20260923_214522/historico.json,180.0,1,180.0,600.0,1,0,,,
1,1,7,curso,FIL,15,2760,92230,OPTIMAL,186355.5,186355.5,False,186355.5,0.62,0.28,600.0,FIL,alfabetica,,7,iteracao,curso_pares,180.0,180.0,600.0,14400.0,False,False,alfabetica,,alfabetica,,./dados/2024_1/horarios_2024_1.xlsx,./dados/2024_1/salas_2024_1.csv,./dados/2024_1/salas_preferenciais_2024.1.xlsx,/Users/robertdrey/Documents/workspace/development/alocador_de_salas,resultados/experimentos/2024_1/curso_pares/total4h_inicial3min_norel3min_viz10min/20260923_214522/melhor_solucao.sol,resultados/experimentos/2024_1/curso_pares/total4h_inicial3min_norel3min_viz10min/20260923_214522/historico.csv,resultados/experimentos/2024_1/curso_pares/total4h_inicial3min_norel3min_viz10min/20260923_214522/historico.json,180.0,1,180.0,600.0,1,0,,,
1,1,8,curso,GEO,10,2070,92920,OPTIMAL,186355.5,186355.5,False,186355.5,0.64,0.29,600.0,GEO,alfabetica,,8,iteracao,curso_pares,180.0,180.0,600.0,14400.0,False,False,alfabetica,,alfabetica,,./dados/2024_1/horarios_2024_1.xlsx,./dados/2024_1/salas_2024_1.csv,./dados/2024_1/salas_preferenciais_2024.1.xlsx,/Users/robertdrey/Documents/workspace/development/alocador_de_salas,resultados/experimentos/2024_1/curso_pares/total4h_inicial3min_norel3min_viz10min/20260923_214522/melhor_solucao.sol,resultados/experimentos/2024_1/curso_pares/total4h_inicial3min_norel3min_viz10min/20260923_214522/historico.csv,resultados/experimentos/2024_1/curso_pares/total4h_inicial3min_norel3min_viz10min/20260923_214522/historico.json,180.0,1,180.0,600.0,1,0,,,
1,1,9,curso,HIS,24,4784,90206,OPTIMAL,186355.5,186355.5,False,186355.5,0.66,0.34,600.0,HIS,alfabetica,,9,iteracao,curso_pares,180.0,180.0,600.0,14400.0,False,False,alfabetica,,alfabetica,,./dados/2024_1/horarios_2024_1.xlsx,./dados/2024_1/salas_2024_1.csv,./dados/2024_1/salas_preferenciais_2024.1.xlsx,/Users/robertdrey/Documents/workspace/development/alocador_de_salas,resultados/experimentos/2024_1/curso_pares/total4h_inicial3min_norel3min_viz10min/20260923_214522/melhor_solucao.sol,resultados/experimentos/2024_1/curso_pares/total4h_inicial3min_norel3min_viz10min/20260923_214522/historico.csv,resultados/experimentos/2024_1/curso_pares/total4h_inicial3min_norel3min_viz10min/20260923_214522/historico.json,180.0,1,180.0,600.0,1,0,,,
1,1,10,curso,LET,36,9154,85836,OPTIMAL,186355.5,186355.5,False,186355.5,3.23,2.9,600.0,LET,alfabetica,,10,iteracao,curso_pares,180.0,180.0,600.0,14400.0,False,False,alfabetica,,alfabetica,,./dados/2024_1/horarios_2024_1.xlsx,./dados/2024_1/salas_2024_1.csv,./dados/2024_1/salas_preferenciais_2024.1.xlsx,/Users/robertdrey/Documents/workspace/development/alocador_de_salas,resultados/experimentos/2024_1/curso_pares/total4h_inicial3min_norel3min_viz10min/20260923_214522/melhor_solucao.sol,resultados/experimentos/2024_1/curso_pares/total4h_inicial3min_norel3min_viz10min/20260923_214522/historico.csv,resultados/experimentos/2024_1/curso_pares/total4h_inicial3min_norel3min_viz10min/20260923_214522/historico.json,180.0,1,180.0,600.0,1,0,,,
1,1,11,curso,MAT,23,4968,90022,OPTIMAL,186355.5,186325.5,True,186325.5,0.74,0.39,600.0,MAT,alfabetica,,11,iteracao,curso_pares,180.0,180.0,600.0,14400.0,False,False,alfabetica,,alfabetica,,./dados/2024_1/horarios_2024_1.xlsx,./dados/2024_1/salas_2024_1.csv,./dados/2024_1/salas_preferenciais_2024.1.xlsx,/Users/robertdrey/Documents/workspace/development/alocador_de_salas,resultados/experimentos/2024_1/curso_pares/total4h_inicial3min_norel3min_viz10min/20260923_214522/melhor_solucao.sol,resultados/experimentos/2024_1/curso_pares/total4h_inicial3min_norel3min_viz10min/20260923_214522/historico.csv,resultados/experimentos/2024_1/curso_pares/total4h_inicial3min_norel3min_viz10min/20260923_214522/historico.json,180.0,1,180.0,600.0,1,0,,,
1,1,12,curso,MED,41,9384,85606,OPTIMAL,186325.5,186325.5,False,186325.5,1.13,0.81,600.0,MED,alfabetica,,12,iteracao,curso_pares,180.0,180.0,600.0,14400.0,False,False,alfabetica,,alfabetica,,./dados/2024_1/horarios_2024_1.xlsx,./dados/2024_1/salas_2024_1.csv,./dados/2024_1/salas_preferenciais_2024.1.xlsx,/Users/robertdrey/Documents/workspace/development/alocador_de_salas,resultados/experimentos/2024_1/curso_pares/total4h_inicial3min_norel3min_viz10min/20260923_214522/melhor_solucao.sol,resultados/experimentos/2024_1/curso_pares/total4h_inicial3min_norel3min_viz10min/20260923_214522/historico.csv,resultados/experimentos/2024_1/curso_pares/total4h_inicial3min_norel3min_viz10min/20260923_214522/historico.json,180.0,1,180.0,600.0,1,0,,,
1,1,13,curso,PED,56,12788,82202,OPTIMAL,186325.5,186275.5,True,186275.5,2.61,2.28,600.0,PED,alfabetica,,13,iteracao,curso_pares,180.0,180.0,600.0,14400.0,False,False,alfabetica,,alfabetica,,./dados/2024_1/horarios_2024_1.xlsx,./dados/2024_1/salas_2024_1.csv,./dados/2024_1/salas_preferenciais_2024.1.xlsx,/Users/robertdrey/Documents/workspace/development/alocador_de_salas,resultados/experimentos/2024_1/curso_pares/total4h_inicial3min_norel3min_viz10min/20260923_214522/melhor_solucao.sol,resultados/experimentos/2024_1/curso_pares/total4h_inicial3min_norel3min_viz10min/20260923_214522/historico.csv,resultados/experimentos/2024_1/curso_pares/total4h_inicial3min_norel3min_viz10min/20260923_214522/historico.json,180.0,1,180.0,600.0,1,0,,,
1,2,1,curso,ADM,48,9292,85698,OPTIMAL,186275.5,186275.5,False,186275.5,0.96,0.62,600.0,ADM,alfabetica,,1,iteracao,curso_pares,180.0,180.0,600.0,14400.0,False,False,alfabetica,,alfabetica,,./dados/2024_1/horarios_2024_1.xlsx,./dados/2024_1/salas_2024_1.csv,./dados/2024_1/salas_preferenciais_2024.1.xlsx,/Users/robertdrey/Documents/workspace/development/alocador_de_salas,resultados/experimentos/2024_1/curso_pares/total4h_inicial3min_norel3min_viz10min/20260923_214522/melhor_solucao.sol,resultados/experimentos/2024_1/curso_pares/total4h_inicial3min_norel3min_viz10min/20260923_214522/historico.csv,resultados/experimentos/2024_1/curso_pares/total4h_inicial3min_norel3min_viz10min/20260923_214522/historico.json,180.0,1,180.0,600.0,1,0,,,
1,2,2,curso,AGRO,51,8740,86250,OPTIMAL,186275.5,186275.5,False,186275.5,3.65,3.33,600.0,AGRO,alfabetica,,2,iteracao,curso_pares,180.0,180.0,600.0,14400.0,False,False,alfabetica,,alfabetica,,./dados/2024_1/horarios_2024_1.xlsx,./dados/2024_1/salas_2024_1.csv,./dados/2024_1/salas_preferenciais_2024.1.xlsx,/Users/robertdrey/Documents/workspace/development/alocador_de_salas,resultados/experimentos/2024_1/curso_pares/total4h_inicial3min_norel3min_viz10min/20260923_214522/melhor_solucao.sol,resultados/experimentos/2024_1/curso_pares/total4h_inicial3min_norel3min_viz10min/20260923_214522/historico.csv,resultados/experimentos/2024_1/curso_pares/total4h_inicial3min_norel3min_viz10min/20260923_214522/historico.json,180.0,1,180.0,600.0,1,0,,,
1,2,3,curso,CC,47,10534,84456,OPTIMAL,186275.5,186275.5,False,186275.5,1.14,0.81,600.0,CC,alfabetica,,3,iteracao,curso_pares,180.0,180.0,600.0,14400.0,False,False,alfabetica,,alfabetica,,./dados/2024_1/horarios_2024_1.xlsx,./dados/2024_1/salas_2024_1.csv,./dados/2024_1/salas_preferenciais_2024.1.xlsx,/Users/robertdrey/Documents/workspace/development/alocador_de_salas,resultados/experimentos/2024_1/curso_pares/total4h_inicial3min_norel3min_viz10min/20260923_214522/melhor_solucao.sol,resultados/experimentos/2024_1/curso_pares/total4h_inicial3min_norel3min_viz10min/20260923_214522/historico.csv,resultados/experimentos/2024_1/curso_pares/total4h_inicial3min_norel3min_viz10min/20260923_214522/historico.json,180.0,1,180.0,600.0,1,0,,,
1,2,4,curso,CS,22,4554,90436,OPTIMAL,186275.5,186275.5,False,186275.5,0.63,0.31,600.0,CS,alfabetica,,4,iteracao,curso_pares,180.0,180.0,600.0,14400.0,False,False,alfabetica,,alfabetica,,./dados/2024_1/horarios_2024_1.xlsx,./dados/2024_1/salas_2024_1.csv,./dados/2024_1/salas_preferenciais_2024.1.xlsx,/Users/robertdrey/Documents/workspace/development/alocador_de_salas,resultados/experimentos/2024_1/curso_pares/total4h_inicial3min_norel3min_viz10min/20260923_214522/melhor_solucao.sol,resultados/experimentos/2024_1/curso_pares/total4h_inicial3min_norel3min_viz10min/20260923_214522/historico.csv,resultados/experimentos/2024_1/curso_pares/total4h_inicial3min_norel3min_viz10min/20260923_214522/historico.json,180.0,1,180.0,600.0,1,0,,,
1,2,5,curso,EAS,45,7452,87538,OPTIMAL,186275.5,186275.5,False,186275.5,0.71,0.39,600.0,EAS,alfabetica,,5,iteracao,curso_pares,180.0,180.0,600.0,14400.0,False,False,alfabetica,,alfabetica,,./dados/2024_1/horarios_2024_1.xlsx,./dados/2024_1/salas_2024_1.csv,./dados/2024_1/salas_preferenciais_2024.1.xlsx,/Users/robertdrey/Documents/workspace/development/alocador_de_salas,resultados/experimentos/2024_1/curso_pares/total4h_inicial3min_norel3min_viz10min/20260923_214522/melhor_solucao.sol,resultados/experimentos/2024_1/curso_pares/total4h_inicial3min_norel3min_viz10min/20260923_214522/historico.csv,resultados/experimentos/2024_1/curso_pares/total4h_inicial3min_norel3min_viz10min/20260923_214522/historico.json,180.0,1,180.0,600.0,1,0,,,
1,2,6,curso,ENF,18,8510,86480,OPTIMAL,186275.5,186275.5,False,186275.5,2.69,2.36,600.0,ENF,alfabetica,,6,iteracao,curso_pares,180.0,180.0,600.0,14400.0,False,False,alfabetica,,alfabetica,,./dados/2024_1/horarios_2024_1.xlsx,./dados/2024_1/salas_2024_1.csv,./dados/2024_1/salas_preferenciais_2024.1.xlsx,/Users/robertdrey/Documents/workspace/development/alocador_de_salas,resultados/experimentos/2024_1/curso_pares/total4h_inicial3min_norel3min_viz10min/20260923_214522/melhor_solucao.sol,resultados/experimentos/2024_1/curso_pares/total4h_inicial3min_norel3min_viz10min/20260923_214522/historico.csv,resultados/experimentos/2024_1/curso_pares/total4h_inicial3min_norel3min_viz10min/20260923_214522/historico.json,180.0,1,180.0,600.0,1,0,,,
1,2,7,curso,FIL,15,2760,92230,OPTIMAL,186275.5,186275.5,False,186275.5,0.62,0.29,600.0,FIL,alfabetica,,7,iteracao,curso_pares,180.0,180.0,600.0,14400.0,False,False,alfabetica,,alfabetica,,./dados/2024_1/horarios_2024_1.xlsx,./dados/2024_1/salas_2024_1.csv,./dados/2024_1/salas_preferenciais_2024.1.xlsx,/Users/robertdrey/Documents/workspace/development/alocador_de_salas,resultados/experimentos/2024_1/curso_pares/total4h_inicial3min_norel3min_viz10min/20260923_214522/melhor_solucao.sol,resultados/experimentos/2024_1/curso_pares/total4h_inicial3min_norel3min_viz10min/20260923_214522/historico.csv,resultados/experimentos/2024_1/curso_pares/total4h_inicial3min_norel3min_viz10min/20260923_214522/historico.json,180.0,1,180.0,600.0,1,0,,,
1,2,8,curso,GEO,10,2070,92920,OPTIMAL,186275.5,186275.5,False,186275.5,0.61,0.29,600.0,GEO,alfabetica,,8,iteracao,curso_pares,180.0,180.0,600.0,14400.0,False,False,alfabetica,,alfabetica,,./dados/2024_1/horarios_2024_1.xlsx,./dados/2024_1/salas_2024_1.csv,./dados/2024_1/salas_preferenciais_2024.1.xlsx,/Users/robertdrey/Documents/workspace/development/alocador_de_salas,resultados/experimentos/2024_1/curso_pares/total4h_inicial3min_norel3min_viz10min/20260923_214522/melhor_solucao.sol,resultados/experimentos/2024_1/curso_pares/total4h_inicial3min_norel3min_viz10min/20260923_214522/historico.csv,resultados/experimentos/2024_1/curso_pares/total4h_inicial3min_norel3min_viz10min/20260923_214522/historico.json,180.0,1,180.0,600.0,1,0,,,
1,2,9,curso,HIS,24,4784,90206,OPTIMAL,186275.5,186275.5,False,186275.5,0.66,0.33,600.0,HIS,alfabetica,,9,iteracao,curso_pares,180.0,180.0,600.0,14400.0,False,False,alfabetica,,alfabetica,,./dados/2024_1/horarios_2024_1.xlsx,./dados/2024_1/salas_2024_1.csv,./dados/2024_1/salas_preferenciais_2024.1.xlsx,/Users/robertdrey/Documents/workspace/development/alocador_de_salas,resultados/experimentos/2024_1/curso_pares/total4h_inicial3min_norel3min_viz10min/20260923_214522/melhor_solucao.sol,resultados/experimentos/2024_1/curso_pares/total4h_inicial3min_norel3min_viz10min/20260923_214522/historico.csv,resultados/experimentos/2024_1/curso_pares/total4h_inicial3min_norel3min_viz10min/20260923_214522/historico.json,180.0,1,180.0,600.0,1,0,,,
1,2,10,curso,LET,36,9154,85836,OPTIMAL,186275.5,186275.5,False,186275.5,2.56,2.23,600.0,LET,alfabetica,,10,iteracao,curso_pares,180.0,180.0,600.0,14400.0,False,False,alfabetica,,alfabetica,,./dados/2024_1/horarios_2024_1.xlsx,./dados/2024_1/salas_2024_1.csv,./dados/2024_1/salas_preferenciais_2024.1.xlsx,/Users/robertdrey/Documents/workspace/development/alocador_de_salas,resultados/experimentos/2024_1/curso_pares/total4h_inicial3min_norel3min_viz10min/20260923_214522/melhor_solucao.sol,resultados/experimentos/2024_1/curso_pares/total4h_inicial3min_norel3min_viz10min/20260923_214522/historico.csv,resultados/experimentos/2024_1/curso_pares/total4h_inicial3min_norel3min_viz10min/20260923_214522/historico.json,180.0,1,180.0,600.0,1,0,,,
1,2,11,curso,MAT,23,4968,90022,OPTIMAL,186275.5,186275.5,False,186275.5,0.7,0.36,600.0,MAT,alfabetica,,11,iteracao,curso_pares,180.0,180.0,600.0,14400.0,False,False,alfabetica,,alfabetica,,./dados/2024_1/horarios_2024_1.xlsx,./dados/2024_1/salas_2024_1.csv,./dados/2024_1/salas_preferenciais_2024.1.xlsx,/Users/robertdrey/Documents/workspace/development/alocador_de_salas,resultados/experimentos/2024_1/curso_pares/total4h_inicial3min_norel3min_viz10min/20260923_214522/melhor_solucao.sol,resultados/experimentos/2024_1/curso_pares/total4h_inicial3min_norel3min_viz10min/20260923_214522/historico.csv,resultados/experimentos/2024_1/curso_pares/total4h_inicial3min_norel3min_viz10min/20260923_214522/historico.json,180.0,1,180.0,600.0,1,0,,,
1,2,12,curso,MED,41,9384,85606,OPTIMAL,186275.5,186275.5,False,186275.5,1.2,0.88,600.0,MED,alfabetica,,12,iteracao,curso_pares,180.0,180.0,600.0,14400.0,False,False,alfabetica,,alfabetica,,./dados/2024_1/horarios_2024_1.xlsx,./dados/2024_1/salas_2024_1.csv,./dados/2024_1/salas_preferenciais_2024.1.xlsx,/Users/robertdrey/Documents/workspace/development/alocador_de_salas,resultados/experimentos/2024_1/curso_pares/total4h_inicial3min_norel3min_viz10min/20260923_214522/melhor_solucao.sol,resultados/experimentos/2024_1/curso_pares/total4h_inicial3min_norel3min_viz10min/20260923_214522/historico.csv,resultados/experimentos/2024_1/curso_pares/total4h_inicial3min_norel3min_viz10min/20260923_214522/historico.json,180.0,1,180.0,600.0,1,0,,,
1,2,13,curso,PED,56,12788,82202,OPTIMAL,186275.5,186275.5,False,186275.5,3.96,3.63,600.0,PED,alfabetica,,13,iteracao,curso_pares,180.0,180.0,600.0,14400.0,False,False,alfabetica,,alfabetica,,./dados/2024_1/horarios_2024_1.xlsx,./dados/2024_1/salas_2024_1.csv,./dados/2024_1/salas_preferenciais_2024.1.xlsx,/Users/robertdrey/Documents/workspace/development/alocador_de_salas,resultados/experimentos/2024_1/curso_pares/total4h_inicial3min_norel3min_viz10min/20260923_214522/melhor_solucao.sol,resultados/experimentos/2024_1/curso_pares/total4h_inicial3min_norel3min_viz10min/20260923_214522/historico.csv,resultados/experimentos/2024_1/curso_pares/total4h_inicial3min_norel3min_viz10min/20260923_214522/historico.json,180.0,1,180.0,600.0,1,0,,,
1,3,1,par_cursos,ADM+AGRO,99,18032,76958,OPTIMAL,186275.5,186275.5,False,186275.5,8.17,7.84,600.0,,alfabetica,,,iteracao,curso_pares,180.0,180.0,600.0,14400.0,False,False,alfabetica,,alfabetica,,./dados/2024_1/horarios_2024_1.xlsx,./dados/2024_1/salas_2024_1.csv,./dados/2024_1/salas_preferenciais_2024.1.xlsx,/Users/robertdrey/Documents/workspace/development/alocador_de_salas,resultados/experimentos/2024_1/curso_pares/total4h_inicial3min_norel3min_viz10min/20260923_214522/melhor_solucao.sol,resultados/experimentos/2024_1/curso_pares/total4h_inicial3min_norel3min_viz10min/20260923_214522/historico.csv,resultados/experimentos/2024_1/curso_pares/total4h_inicial3min_norel3min_viz10min/20260923_214522/historico.json,180.0,1,180.0,600.0,1,0,ADM,AGRO,1
1,3,2,par_cursos,ADM+CC,95,19826,75164,OPTIMAL,186275.5,186275.5,False,186275.5,2.36,2.04,600.0,,alfabetica,,,iteracao,curso_pares,180.0,180.0,600.0,14400.0,False,False,alfabetica,,alfabetica,,./dados/2024_1/horarios_2024_1.xlsx,./dados/2024_1/salas_2024_1.csv,./dados/2024_1/salas_preferenciais_2024.1.xlsx,/Users/robertdrey/Documents/workspace/development/alocador_de_salas,resultados/experimentos/2024_1/curso_pares/total4h_inicial3min_norel3min_viz10min/20260923_214522/melhor_solucao.sol,resultados/experimentos/2024_1/curso_pares/total4h_inicial3min_norel3min_viz10min/20260923_214522/historico.csv,resultados/experimentos/2024_1/curso_pares/total4h_inicial3min_norel3min_viz10min/20260923_214522/historico.json,180.0,1,180.0,600.0,1,0,ADM,CC,2
1,3,3,par_cursos,ADM+CS,70,13846,81144,OPTIMAL,186275.5,186275.5,False,186275.5,1.53,1.19,600.0,,alfabetica,,,iteracao,curso_pares,180.0,180.0,600.0,14400.0,False,False,alfabetica,,alfabetica,,./dados/2024_1/horarios_2024_1.xlsx,./dados/2024_1/salas_2024_1.csv,./dados/2024_1/salas_preferenciais_2024.1.xlsx,/Users/robertdrey/Documents/workspace/development/alocador_de_salas,resultados/experimentos/2024_1/curso_pares/total4h_inicial3min_norel3min_viz10min/20260923_214522/melhor_solucao.sol,resultados/experimentos/2024_1/curso_pares/total4h_inicial3min_norel3min_viz10min/20260923_214522/historico.csv,resultados/experimentos/2024_1/curso_pares/total4h_inicial3min_norel3min_viz10min/20260923_214522/historico.json,180.0,1,180.0,600.0,1,0,ADM,CS,3
1,3,4,par_cursos,ADM+EAS,93,16744,78246,OPTIMAL,186275.5,186270.5,True,186270.5,1.49,1.17,600.0,,alfabetica,,,iteracao,curso_pares,180.0,180.0,600.0,14400.0,False,False,alfabetica,,alfabetica,,./dados/2024_1/horarios_2024_1.xlsx,./dados/2024_1/salas_2024_1.csv,./dados/2024_1/salas_preferenciais_2024.1.xlsx,/Users/robertdrey/Documents/workspace/development/alocador_de_salas,resultados/experimentos/2024_1/curso_pares/total4h_inicial3min_norel3min_viz10min/20260923_214522/melhor_solucao.sol,resultados/experimentos/2024_1/curso_pares/total4h_inicial3min_norel3min_viz10min/20260923_214522/historico.csv,resultados/experimentos/2024_1/curso_pares/total4h_inicial3min_norel3min_viz10min/20260923_214522/historico.json,180.0,1,180.0,600.0,1,0,ADM,EAS,4
1,3,5,par_cursos,ADM+ENF,66,17802,77188,OPTIMAL,186270.5,186270.5,False,186270.5,28.75,28.42,600.0,,alfabetica,,,iteracao,curso_pares,180.0,180.0,600.0,14400.0,False,False,alfabetica,,alfabetica,,./dados/2024_1/horarios_2024_1.xlsx,./dados/2024_1/salas_2024_1.csv,./dados/2024_1/salas_preferenciais_2024.1.xlsx,/Users/robertdrey/Documents/workspace/development/alocador_de_salas,resultados/experimentos/2024_1/curso_pares/total4h_inicial3min_norel3min_viz10min/20260923_214522/melhor_solucao.sol,resultados/experimentos/2024_1/curso_pares/total4h_inicial3min_norel3min_viz10min/20260923_214522/historico.csv,resultados/experimentos/2024_1/curso_pares/total4h_inicial3min_norel3min_viz10min/20260923_214522/historico.json,180.0,1,180.0,600.0,1,0,ADM,ENF,5
1,3,6,par_cursos,ADM+FIL,63,12052,82938,OPTIMAL,186270.5,186270.5,False,186270.5,1.11,0.76,600.0,,alfabetica,,,iteracao,curso_pares,180.0,180.0,600.0,14400.0,False,False,alfabetica,,alfabetica,,./dados/2024_1/horarios_2024_1.xlsx,./dados/2024_1/salas_2024_1.csv,./dados/2024_1/salas_preferenciais_2024.1.xlsx,/Users/robertdrey/Documents/workspace/development/alocador_de_salas,resultados/experimentos/2024_1/curso_pares/total4h_inicial3min_norel3min_viz10min/20260923_214522/melhor_solucao.sol,resultados/experimentos/2024_1/curso_pares/total4h_inicial3min_norel3min_viz10min/20260923_214522/historico.csv,resultados/experimentos/2024_1/curso_pares/total4h_inicial3min_norel3min_viz10min/20260923_214522/historico.json,180.0,1,180.0,600.0,1,0,ADM,FIL,6
1,3,7,par_cursos,ADM+GEO,58,11362,83628,OPTIMAL,186270.5,186270.5,False,186270.5,1.06,0.72,600.0,,alfabetica,,,iteracao,curso_pares,180.0,180.0,600.0,14400.0,False,False,alfabetica,,alfabetica,,./dados/2024_1/horarios_2024_1.xlsx,./dados/2024_1/salas_2024_1.csv,./dados/2024_1/salas_preferenciais_2024.1.xlsx,/Users/robertdrey/Documents/workspace/development/alocador_de_salas,resultados/experimentos/2024_1/curso_pares/total4h_inicial3min_norel3min_viz10min/20260923_214522/melhor_solucao.sol,resultados/experimentos/2024_1/curso_pares/total4h_inicial3min_norel3min_viz10min/20260923_214522/historico.csv,resultados/experimentos/2024_1/curso_pares/total4h_inicial3min_norel3min_viz10min/20260923_214522/historico.json,180.0,1,180.0,600.0,1,0,ADM,GEO,7
1,3,8,par_cursos,ADM+HIS,72,14076,80914,OPTIMAL,186270.5,186270.5,False,186270.5,1.52,1.17,600.0,,alfabetica,,,iteracao,curso_pares,180.0,180.0,600.0,14400.0,False,False,alfabetica,,alfabetica,,./dados/2024_1/horarios_2024_1.xlsx,./dados/2024_1/salas_2024_1.csv,./dados/2024_1/salas_preferenciais_2024.1.xlsx,/Users/robertdrey/Documents/workspace/development/alocador_de_salas,resultados/experimentos/2024_1/curso_pares/total4h_inicial3min_norel3min_viz10min/20260923_214522/melhor_solucao.sol,resultados/experimentos/2024_1/curso_pares/total4h_inicial3min_norel3min_viz10min/20260923_214522/historico.csv,resultados/experimentos/2024_1/curso_pares/total4h_inicial3min_norel3min_viz10min/20260923_214522/historico.json,180.0,1,180.0,600.0,1,0,ADM,HIS,8
1,3,9,par_cursos,ADM+LET,84,18446,76544,OPTIMAL,186270.5,186254.5,True,186254.5,162.19,161.82,600.0,,alfabetica,,,iteracao,curso_pares,180.0,180.0,600.0,14400.0,False,False,alfabetica,,alfabetica,,./dados/2024_1/horarios_2024_1.xlsx,./dados/2024_1/salas_2024_1.csv,./dados/2024_1/salas_preferenciais_2024.1.xlsx,/Users/robertdrey/Documents/workspace/development/alocador_de_salas,resultados/experimentos/2024_1/curso_pares/total4h_inicial3min_norel3min_viz10min/20260923_214522/melhor_solucao.sol,resultados/experimentos/2024_1/curso_pares/total4h_inicial3min_norel3min_viz10min/20260923_214522/historico.csv,resultados/experimentos/2024_1/curso_pares/total4h_inicial3min_norel3min_viz10min/20260923_214522/historico.json,180.0,1,180.0,600.0,1,0,ADM,LET,9
1,3,10,par_cursos,ADM+MAT,71,14260,80730,OPTIMAL,186254.5,186254.5,False,186254.5,1.95,1.59,600.0,,alfabetica,,,iteracao,curso_pares,180.0,180.0,600.0,14400.0,False,False,alfabetica,,alfabetica,,./dados/2024_1/horarios_2024_1.xlsx,./dados/2024_1/salas_2024_1.csv,./dados/2024_1/salas_preferenciais_2024.1.xlsx,/Users/robertdrey/Documents/workspace/development/alocador_de_salas,resultados/experimentos/2024_1/curso_pares/total4h_inicial3min_norel3min_viz10min/20260923_214522/melhor_solucao.sol,resultados/experimentos/2024_1/curso_pares/total4h_inicial3min_norel3min_viz10min/20260923_214522/historico.csv,resultados/experimentos/2024_1/curso_pares/total4h_inicial3min_norel3min_viz10min/20260923_214522/historico.json,180.0,1,180.0,600.0,1,0,ADM,MAT,10
1,3,11,par_cursos,ADM+MED,89,18676,76314,OPTIMAL,186254.5,186254.5,False,186254.5,2.86,2.5,600.0,,alfabetica,,,iteracao,curso_pares,180.0,180.0,600.0,14400.0,False,False,alfabetica,,alfabetica,,./dados/2024_1/horarios_2024_1.xlsx,./dados/2024_1/salas_2024_1.csv,./dados/2024_1/salas_preferenciais_2024.1.xlsx,/Users/robertdrey/Documents/workspace/development/alocador_de_salas,resultados/experimentos/2024_1/curso_pares/total4h_inicial3min_norel3min_viz10min/20260923_214522/melhor_solucao.sol,resultados/experimentos/2024_1/curso_pares/total4h_inicial3min_norel3min_viz10min/20260923_214522/historico.csv,resultados/experimentos/2024_1/curso_pares/total4h_inicial3min_norel3min_viz10min/20260923_214522/historico.json,180.0,1,180.0,600.0,1,0,ADM,MED,11
1,3,12,par_cursos,ADM+PED,104,22080,72910,TIME_LIMIT,186254.5,186180.0,True,186180.0,600.49,600.14,600.0,,alfabetica,,,iteracao,curso_pares,180.0,180.0,600.0,14400.0,False,False,alfabetica,,alfabetica,,./dados/2024_1/horarios_2024_1.xlsx,./dados/2024_1/salas_2024_1.csv,./dados/2024_1/salas_preferenciais_2024.1.xlsx,/Users/robertdrey/Documents/workspace/development/alocador_de_salas,resultados/experimentos/2024_1/curso_pares/total4h_inicial3min_norel3min_viz10min/20260923_214522/melhor_solucao.sol,resultados/experimentos/2024_1/curso_pares/total4h_inicial3min_norel3min_viz10min/20260923_214522/historico.csv,resultados/experimentos/2024_1/curso_pares/total4h_inicial3min_norel3min_viz10min/20260923_214522/historico.json,180.0,1,180.0,600.0,1,0,ADM,PED,12
1,3,13,par_cursos,AGRO+CC,98,19274,75716,OPTIMAL,186180.0,186180.0,False,186180.0,59.68,59.3,600.0,,alfabetica,,,iteracao,curso_pares,180.0,180.0,600.0,14400.0,False,False,alfabetica,,alfabetica,,./dados/2024_1/horarios_2024_1.xlsx,./dados/2024_1/salas_2024_1.csv,./dados/2024_1/salas_preferenciais_2024.1.xlsx,/Users/robertdrey/Documents/workspace/development/alocador_de_salas,resultados/experimentos/2024_1/curso_pares/total4h_inicial3min_norel3min_viz10min/20260923_214522/melhor_solucao.sol,resultados/experimentos/2024_1/curso_pares/total4h_inicial3min_norel3min_viz10min/20260923_214522/historico.csv,resultados/experimentos/2024_1/curso_pares/total4h_inicial3min_norel3min_viz10min/20260923_214522/historico.json,180.0,1,180.0,600.0,1,0,AGRO,CC,13
1,3,14,par_cursos,AGRO+CS,73,13294,81696,OPTIMAL,186180.0,186175.0,True,186175.0,4.39,4.07,600.0,,alfabetica,,,iteracao,curso_pares,180.0,180.0,600.0,14400.0,False,False,alfabetica,,alfabetica,,./dados/2024_1/horarios_2024_1.xlsx,./dados/2024_1/salas_2024_1.csv,./dados/2024_1/salas_preferenciais_2024.1.xlsx,/Users/robertdrey/Documents/workspace/development/alocador_de_salas,resultados/experimentos/2024_1/curso_pares/total4h_inicial3min_norel3min_viz10min/20260923_214522/melhor_solucao.sol,resultados/experimentos/2024_1/curso_pares/total4h_inicial3min_norel3min_viz10min/20260923_214522/historico.csv,resultados/experimentos/2024_1/curso_pares/total4h_inicial3min_norel3min_viz10min/20260923_214522/historico.json,180.0,1,180.0,600.0,1,0,AGRO,CS,14
1,3,15,par_cursos,AGRO+EAS,96,16192,78798,OPTIMAL,186175.0,186175.0,False,186175.0,7.09,6.76,600.0,,alfabetica,,,iteracao,curso_pares,180.0,180.0,600.0,14400.0,False,False,alfabetica,,alfabetica,,./dados/2024_1/horarios_2024_1.xlsx,./dados/2024_1/salas_2024_1.csv,./dados/2024_1/salas_preferenciais_2024.1.xlsx,/Users/robertdrey/Documents/workspace/development/alocador_de_salas,resultados/experimentos/2024_1/curso_pares/total4h_inicial3min_norel3min_viz10min/20260923_214522/melhor_solucao.sol,resultados/experimentos/2024_1/curso_pares/total4h_inicial3min_norel3min_viz10min/20260923_214522/historico.csv,resultados/experimentos/2024_1/curso_pares/total4h_inicial3min_norel3min_viz10min/20260923_214522/historico.json,180.0,1,180.0,600.0,1,0,AGRO,EAS,15
1,3,16,par_cursos,AGRO+ENF,69,17250,77740,OPTIMAL,186175.0,186156.5,True,186156.5,169.16,168.85,600.0,,alfabetica,,,iteracao,curso_pares,180.0,180.0,600.0,14400.0,False,False,alfabetica,,alfabetica,,./dados/2024_1/horarios_2024_1.xlsx,./dados/2024_1/salas_2024_1.csv,./dados/2024_1/salas_preferenciais_2024.1.xlsx,/Users/robertdrey/Documents/workspace/development/alocador_de_salas,resultados/experimentos/2024_1/curso_pares/total4h_inicial3min_norel3min_viz10min/20260923_214522/melhor_solucao.sol,resultados/experimentos/2024_1/curso_pares/total4h_inicial3min_norel3min_viz10min/20260923_214522/historico.csv,resultados/experimentos/2024_1/curso_pares/total4h_inicial3min_norel3min_viz10min/20260923_214522/historico.json,180.0,1,180.0,600.0,1,0,AGRO,ENF,16
1,3,17,par_cursos,AGRO+FIL,66,11500,83490,OPTIMAL,186156.5,186156.5,False,186156.5,3.25,2.94,600.0,,alfabetica,,,iteracao,curso_pares,180.0,180.0,600.0,14400.0,False,False,alfabetica,,alfabetica,,./dados/2024_1/horarios_2024_1.xlsx,./dados/2024_1/salas_2024_1.csv,./dados/2024_1/salas_preferenciais_2024.1.xlsx,/Users/robertdrey/Documents/workspace/development/alocador_de_salas,resultados/experimentos/2024_1/curso_pares/total4h_inicial3min_norel3min_viz10min/20260923_214522/melhor_solucao.sol,resultados/experimentos/2024_1/curso_pares/total4h_inicial3min_norel3min_viz10min/20260923_214522/historico.csv,resultados/experimentos/2024_1/curso_pares/total4h_inicial3min_norel3min_viz10min/20260923_214522/historico.json,180.0,1,180.0,600.0,1,0,AGRO,FIL,17
1,3,18,par_cursos,AGRO+GEO,61,10810,84180,OPTIMAL,186156.5,186156.5,False,186156.5,3.67,3.34,600.0,,alfabetica,,,iteracao,curso_pares,180.0,180.0,600.0,14400.0,False,False,alfabetica,,alfabetica,,./dados/2024_1/horarios_2024_1.xlsx,./dados/2024_1/salas_2024_1.csv,./dados/2024_1/salas_preferenciais_2024.1.xlsx,/Users/robertdrey/Documents/workspace/development/alocador_de_salas,resultados/experimentos/2024_1/curso_pares/total4h_inicial3min_norel3min_viz10min/20260923_214522/melhor_solucao.sol,resultados/experimentos/2024_1/curso_pares/total4h_inicial3min_norel3min_viz10min/20260923_214522/historico.csv,resultados/experimentos/2024_1/curso_pares/total4h_inicial3min_norel3min_viz10min/20260923_214522/historico.json,180.0,1,180.0,600.0,1,0,AGRO,GEO,18
1,3,19,par_cursos,AGRO+HIS,75,13524,81466,OPTIMAL,186156.5,186156.5,False,186156.5,4.22,3.89,600.0,,alfabetica,,,iteracao,curso_pares,180.0,180.0,600.0,14400.0,False,False,alfabetica,,alfabetica,,./dados/2024_1/horarios_2024_1.xlsx,./dados/2024_1/salas_2024_1.csv,./dados/2024_1/salas_preferenciais_2024.1.xlsx,/Users/robertdrey/Documents/workspace/development/alocador_de_salas,resultados/experimentos/2024_1/curso_pares/total4h_inicial3min_norel3min_viz10min/20260923_214522/melhor_solucao.sol,resultados/experimentos/2024_1/curso_pares/total4h_inicial3min_norel3min_viz10min/20260923_214522/historico.csv,resultados/experimentos/2024_1/curso_pares/total4h_inicial3min_norel3min_viz10min/20260923_214522/historico.json,180.0,1,180.0,600.0,1,0,AGRO,HIS,19
1,3,20,par_cursos,AGRO+LET,87,17894,77096,OPTIMAL,186156.5,186156.5,False,186156.5,47.83,47.52,600.0,,alfabetica,,,iteracao,curso_pares,180.0,180.0,600.0,14400.0,False,False,alfabetica,,alfabetica,,./dados/2024_1/horarios_2024_1.xlsx,./dados/2024_1/salas_2024_1.csv,./dados/2024_1/salas_preferenciais_2024.1.xlsx,/Users/robertdrey/Documents/workspace/development/alocador_de_salas,resultados/experimentos/2024_1/curso_pares/total4h_inicial3min_norel3min_viz10min/20260923_214522/melhor_solucao.sol,resultados/experimentos/2024_1/curso_pares/total4h_inicial3min_norel3min_viz10min/20260923_214522/historico.csv,resultados/experimentos/2024_1/curso_pares/total4h_inicial3min_norel3min_viz10min/20260923_214522/historico.json,180.0,1,180.0,600.0,1,0,AGRO,LET,20
1,3,21,par_cursos,AGRO+MAT,74,13708,81282,OPTIMAL,186156.5,186156.5,False,186156.5,3.95,3.63,600.0,,alfabetica,,,iteracao,curso_pares,180.0,180.0,600.0,14400.0,False,False,alfabetica,,alfabetica,,./dados/2024_1/horarios_2024_1.xlsx,./dados/2024_1/salas_2024_1.csv,./dados/2024_1/salas_preferenciais_2024.1.xlsx,/Users/robertdrey/Documents/workspace/development/alocador_de_salas,resultados/experimentos/2024_1/curso_pares/total4h_inicial3min_norel3min_viz10min/20260923_214522/melhor_solucao.sol,resultados/experimentos/2024_1/curso_pares/total4h_inicial3min_norel3min_viz10min/20260923_214522/historico.csv,resultados/experimentos/2024_1/curso_pares/total4h_inicial3min_norel3min_viz10min/20260923_214522/historico.json,180.0,1,180.0,600.0,1,0,AGRO,MAT,21
1,3,22,par_cursos,AGRO+MED,92,18124,76866,TIME_LIMIT,186156.5,185945.0,True,185945.0,600.36,600.03,600.0,,alfabetica,,,iteracao,curso_pares,180.0,180.0,600.0,14400.0,False,False,alfabetica,,alfabetica,,./dados/2024_1/horarios_2024_1.xlsx,./dados/2024_1/salas_2024_1.csv,./dados/2024_1/salas_preferenciais_2024.1.xlsx,/Users/robertdrey/Documents/workspace/development/alocador_de_salas,resultados/experimentos/2024_1/curso_pares/total4h_inicial3min_norel3min_viz10min/20260923_214522/melhor_solucao.sol,resultados/experimentos/2024_1/curso_pares/total4h_inicial3min_norel3min_viz10min/20260923_214522/historico.csv,resultados/experimentos/2024_1/curso_pares/total4h_inicial3min_norel3min_viz10min/20260923_214522/historico.json,180.0,1,180.0,600.0,1,0,AGRO,MED,22
1,3,23,par_cursos,AGRO+PED,107,21528,73462,OPTIMAL,185945.0,185945.0,False,185945.0,45.5,45.16,600.0,,alfabetica,,,iteracao,curso_pares,180.0,180.0,600.0,14400.0,False,False,alfabetica,,alfabetica,,./dados/2024_1/horarios_2024_1.xlsx,./dados/2024_1/salas_2024_1.csv,./dados/2024_1/salas_preferenciais_2024.1.xlsx,/Users/robertdrey/Documents/workspace/development/alocador_de_salas,resultados/experimentos/2024_1/curso_pares/total4h_inicial3min_norel3min_viz10min/20260923_214522/melhor_solucao.sol,resultados/experimentos/2024_1/curso_pares/total4h_inicial3min_norel3min_viz10min/20260923_214522/historico.csv,resultados/experimentos/2024_1/curso_pares/total4h_inicial3min_norel3min_viz10min/20260923_214522/historico.json,180.0,1,180.0,600.0,1,0,AGRO,PED,23
1,3,24,par_cursos,CC+CS,69,15088,79902,OPTIMAL,185945.0,185940.0,True,185940.0,38.2,37.88,600.0,,alfabetica,,,iteracao,curso_pares,180.0,180.0,600.0,14400.0,False,False,alfabetica,,alfabetica,,./dados/2024_1/horarios_2024_1.xlsx,./dados/2024_1/salas_2024_1.csv,./dados/2024_1/salas_preferenciais_2024.1.xlsx,/Users/robertdrey/Documents/workspace/development/alocador_de_salas,resultados/experimentos/2024_1/curso_pares/total4h_inicial3min_norel3min_viz10min/20260923_214522/melhor_solucao.sol,resultados/experimentos/2024_1/curso_pares/total4h_inicial3min_norel3min_viz10min/20260923_214522/historico.csv,resultados/experimentos/2024_1/curso_pares/total4h_inicial3min_norel3min_viz10min/20260923_214522/historico.json,180.0,1,180.0,600.0,1,0,CC,CS,24
1,3,25,par_cursos,CC+EAS,92,17986,77004,OPTIMAL,185940.0,185940.0,False,185940.0,4.09,3.78,600.0,,alfabetica,,,iteracao,curso_pares,180.0,180.0,600.0,14400.0,False,False,alfabetica,,alfabetica,,./dados/2024_1/horarios_2024_1.xlsx,./dados/2024_1/salas_2024_1.csv,./dados/2024_1/salas_preferenciais_2024.1.xlsx,/Users/robertdrey/Documents/workspace/development/alocador_de_salas,resultados/experimentos/2024_1/curso_pares/total4h_inicial3min_norel3min_viz10min/20260923_214522/melhor_solucao.sol,resultados/experimentos/2024_1/curso_pares/total4h_inicial3min_norel3min_viz10min/20260923_214522/historico.csv,resultados/experimentos/2024_1/curso_pares/total4h_inicial3min_norel3min_viz10min/20260923_214522/historico.json,180.0,1,180.0,600.0,1,0,CC,EAS,25
1,3,26,par_cursos,CC+ENF,65,19044,75946,OPTIMAL,185940.0,185940.0,False,185940.0,120.65,120.34,600.0,,alfabetica,,,iteracao,curso_pares,180.0,180.0,600.0,14400.0,False,False,alfabetica,,alfabetica,,./dados/2024_1/horarios_2024_1.xlsx,./dados/2024_1/salas_2024_1.csv,./dados/2024_1/salas_preferenciais_2024.1.xlsx,/Users/robertdrey/Documents/workspace/development/alocador_de_salas,resultados/experimentos/2024_1/curso_pares/total4h_inicial3min_norel3min_viz10min/20260923_214522/melhor_solucao.sol,resultados/experimentos/2024_1/curso_pares/total4h_inicial3min_norel3min_viz10min/20260923_214522/historico.csv,resultados/experimentos/2024_1/curso_pares/total4h_inicial3min_norel3min_viz10min/20260923_214522/historico.json,180.0,1,180.0,600.0,1,0,CC,ENF,26
1,3,27,par_cursos,CC+FIL,62,13294,81696,OPTIMAL,185940.0,185924.5,True,185924.5,45.06,44.75,600.0,,alfabetica,,,iteracao,curso_pares,180.0,180.0,600.0,14400.0,False,False,alfabetica,,alfabetica,,./dados/2024_1/horarios_2024_1.xlsx,./dados/2024_1/salas_2024_1.csv,./dados/2024_1/salas_preferenciais_2024.1.xlsx,/Users/robertdrey/Documents/workspace/development/alocador_de_salas,resultados/experimentos/2024_1/curso_pares/total4h_inicial3min_norel3min_viz10min/20260923_214522/melhor_solucao.sol,resultados/experimentos/2024_1/curso_pares/total4h_inicial3min_norel3min_viz10min/20260923_214522/historico.csv,resultados/experimentos/2024_1/curso_pares/total4h_inicial3min_norel3min_viz10min/20260923_214522/historico.json,180.0,1,180.0,600.0,1,0,CC,FIL,27
1,3,28,par_cursos,CC+GEO,57,12604,82386,OPTIMAL,185924.5,185924.5,False,185924.5,2.01,1.7,600.0,,alfabetica,,,iteracao,curso_pares,180.0,180.0,600.0,14400.0,False,False,alfabetica,,alfabetica,,./dados/2024_1/horarios_2024_1.xlsx,./dados/2024_1/salas_2024_1.csv,./dados/2024_1/salas_preferenciais_2024.1.xlsx,/Users/robertdrey/Documents/workspace/development/alocador_de_salas,resultados/experimentos/2024_1/curso_pares/total4h_inicial3min_norel3min_viz10min/20260923_214522/melhor_solucao.sol,resultados/experimentos/2024_1/curso_pares/total4h_inicial3min_norel3min_viz10min/20260923_214522/historico.csv,resultados/experimentos/2024_1/curso_pares/total4h_inicial3min_norel3min_viz10min/20260923_214522/historico.json,180.0,1,180.0,600.0,1,0,CC,GEO,28
1,3,29,par_cursos,CC+HIS,71,15318,79672,OPTIMAL,185924.5,185924.5,False,185924.5,16.0,15.69,600.0,,alfabetica,,,iteracao,curso_pares,180.0,180.0,600.0,14400.0,False,False,alfabetica,,alfabetica,,./dados/2024_1/horarios_2024_1.xlsx,./dados/2024_1/salas_2024_1.csv,./dados/2024_1/salas_preferenciais_2024.1.xlsx,/Users/robertdrey/Documents/workspace/development/alocador_de_salas,resultados/experimentos/2024_1/curso_pares/total4h_inicial3min_norel3min_viz10min/20260923_214522/melhor_solucao.sol,resultados/experimentos/2024_1/curso_pares/total4h_inicial3min_norel3min_viz10min/20260923_214522/historico.csv,resultados/experimentos/2024_1/curso_pares/total4h_inicial3min_norel3min_viz10min/20260923_214522/historico.json,180.0,1,180.0,600.0,1,0,CC,HIS,29
1,3,30,par_cursos,CC+LET,83,19688,75302,TIME_LIMIT,185924.5,185922.5,True,185922.5,600.39,600.04,600.0,,alfabetica,,,iteracao,curso_pares,180.0,180.0,600.0,14400.0,False,False,alfabetica,,alfabetica,,./dados/2024_1/horarios_2024_1.xlsx,./dados/2024_1/salas_2024_1.csv,./dados/2024_1/salas_preferenciais_2024.1.xlsx,/Users/robertdrey/Documents/workspace/development/alocador_de_salas,resultados/experimentos/2024_1/curso_pares/total4h_inicial3min_norel3min_viz10min/20260923_214522/melhor_solucao.sol,resultados/experimentos/2024_1/curso_pares/total4h_inicial3min_norel3min_viz10min/20260923_214522/historico.csv,resultados/experimentos/2024_1/curso_pares/total4h_inicial3min_norel3min_viz10min/20260923_214522/historico.json,180.0,1,180.0,600.0,1,0,CC,LET,30
1,3,31,par_cursos,CC+MAT,70,15502,79488,OPTIMAL,185922.5,185922.5,False,185922.5,13.16,12.81,600.0,,alfabetica,,,iteracao,curso_pares,180.0,180.0,600.0,14400.0,False,False,alfabetica,,alfabetica,,./dados/2024_1/horarios_2024_1.xlsx,./dados/2024_1/salas_2024_1.csv,./dados/2024_1/salas_preferenciais_2024.1.xlsx,/Users/robertdrey/Documents/workspace/development/alocador_de_salas,resultados/experimentos/2024_1/curso_pares/total4h_inicial3min_norel3min_viz10min/20260923_214522/melhor_solucao.sol,resultados/experimentos/2024_1/curso_pares/total4h_inicial3min_norel3min_viz10min/20260923_214522/historico.csv,resultados/experimentos/2024_1/curso_pares/total4h_inicial3min_norel3min_viz10min/20260923_214522/historico.json,180.0,1,180.0,600.0,1,0,CC,MAT,31
1,3,32,par_cursos,CC+MED,88,19918,75072,OPTIMAL,185922.5,185922.5,False,185922.5,46.13,45.83,600.0,,alfabetica,,,iteracao,curso_pares,180.0,180.0,600.0,14400.0,False,False,alfabetica,,alfabetica,,./dados/2024_1/horarios_2024_1.xlsx,./dados/2024_1/salas_2024_1.csv,./dados/2024_1/salas_preferenciais_2024.1.xlsx,/Users/robertdrey/Documents/workspace/development/alocador_de_salas,resultados/experimentos/2024_1/curso_pares/total4h_inicial3min_norel3min_viz10min/20260923_214522/melhor_solucao.sol,resultados/experimentos/2024_1/curso_pares/total4h_inicial3min_norel3min_viz10min/20260923_214522/historico.csv,resultados/experimentos/2024_1/curso_pares/total4h_inicial3min_norel3min_viz10min/20260923_214522/historico.json,180.0,1,180.0,600.0,1,0,CC,MED,32
1,3,33,par_cursos,CC+PED,103,23322,71668,OPTIMAL,185922.5,185922.5,False,185922.5,161.08,160.78,600.0,,alfabetica,,,iteracao,curso_pares,180.0,180.0,600.0,14400.0,False,False,alfabetica,,alfabetica,,./dados/2024_1/horarios_2024_1.xlsx,./dados/2024_1/salas_2024_1.csv,./dados/2024_1/salas_preferenciais_2024.1.xlsx,/Users/robertdrey/Documents/workspace/development/alocador_de_salas,resultados/experimentos/2024_1/curso_pares/total4h_inicial3min_norel3min_viz10min/20260923_214522/melhor_solucao.sol,resultados/experimentos/2024_1/curso_pares/total4h_inicial3min_norel3min_viz10min/20260923_214522/historico.csv,resultados/experimentos/2024_1/curso_pares/total4h_inicial3min_norel3min_viz10min/20260923_214522/historico.json,180.0,1,180.0,600.0,1,0,CC,PED,33
1,3,34,par_cursos,CS+EAS,67,12006,82984,OPTIMAL,185922.5,185922.5,False,185922.5,0.83,0.53,600.0,,alfabetica,,,iteracao,curso_pares,180.0,180.0,600.0,14400.0,False,False,alfabetica,,alfabetica,,./dados/2024_1/horarios_2024_1.xlsx,./dados/2024_1/salas_2024_1.csv,./dados/2024_1/salas_preferenciais_2024.1.xlsx,/Users/robertdrey/Documents/workspace/development/alocador_de_salas,resultados/experimentos/2024_1/curso_pares/total4h_inicial3min_norel3min_viz10min/20260923_214522/melhor_solucao.sol,resultados/experimentos/2024_1/curso_pares/total4h_inicial3min_norel3min_viz10min/20260923_214522/historico.csv,resultados/experimentos/2024_1/curso_pares/total4h_inicial3min_norel3min_viz10min/20260923_214522/historico.json,180.0,1,180.0,600.0,1,0,CS,EAS,34
1,3,35,par_cursos,CS+ENF,40,13064,81926,OPTIMAL,185922.5,185922.5,False,185922.5,3.05,2.73,600.0,,alfabetica,,,iteracao,curso_pares,180.0,180.0,600.0,14400.0,False,False,alfabetica,,alfabetica,,./dados/2024_1/horarios_2024_1.xlsx,./dados/2024_1/salas_2024_1.csv,./dados/2024_1/salas_preferenciais_2024.1.xlsx,/Users/robertdrey/Documents/workspace/development/alocador_de_salas,resultados/experimentos/2024_1/curso_pares/total4h_inicial3min_norel3min_viz10min/20260923_214522/melhor_solucao.sol,resultados/experimentos/2024_1/curso_pares/total4h_inicial3min_norel3min_viz10min/20260923_214522/historico.csv,resultados/experimentos/2024_1/curso_pares/total4h_inicial3min_norel3min_viz10min/20260923_214522/historico.json,180.0,1,180.0,600.0,1,0,CS,ENF,35
1,3,36,par_cursos,CS+FIL,37,7314,87676,OPTIMAL,185922.5,185922.5,False,185922.5,0.67,0.35,600.0,,alfabetica,,,iteracao,curso_pares,180.0,180.0,600.0,14400.0,False,False,alfabetica,,alfabetica,,./dados/2024_1/horarios_2024_1.xlsx,./dados/2024_1/salas_2024_1.csv,./dados/2024_1/salas_preferenciais_2024.1.xlsx,/Users/robertdrey/Documents/workspace/development/alocador_de_salas,resultados/experimentos/2024_1/curso_pares/total4h_inicial3min_norel3min_viz10min/20260923_214522/melhor_solucao.sol,resultados/experimentos/2024_1/curso_pares/total4h_inicial3min_norel3min_viz10min/20260923_214522/historico.csv,resultados/experimentos/2024_1/curso_pares/total4h_inicial3min_norel3min_viz10min/20260923_214522/historico.json,180.0,1,180.0,600.0,1,0,CS,FIL,36
1,3,37,par_cursos,CS+GEO,32,6624,88366,OPTIMAL,185922.5,185922.5,False,185922.5,0.67,0.35,600.0,,alfabetica,,,iteracao,curso_pares,180.0,180.0,600.0,14400.0,False,False,alfabetica,,alfabetica,,./dados/2024_1/horarios_2024_1.xlsx,./dados/2024_1/salas_2024_1.csv,./dados/2024_1/salas_preferenciais_2024.1.xlsx,/Users/robertdrey/Documents/workspace/development/alocador_de_salas,resultados/experimentos/2024_1/curso_pares/total4h_inicial3min_norel3min_viz10min/20260923_214522/melhor_solucao.sol,resultados/experimentos/2024_1/curso_pares/total4h_inicial3min_norel3min_viz10min/20260923_214522/historico.csv,resultados/experimentos/2024_1/curso_pares/total4h_inicial3min_norel3min_viz10min/20260923_214522/historico.json,180.0,1,180.0,600.0,1,0,CS,GEO,37
1,3,38,par_cursos,CS+HIS,46,9338,85652,OPTIMAL,185922.5,185922.5,False,185922.5,0.89,0.56,600.0,,alfabetica,,,iteracao,curso_pares,180.0,180.0,600.0,14400.0,False,False,alfabetica,,alfabetica,,./dados/2024_1/horarios_2024_1.xlsx,./dados/2024_1/salas_2024_1.csv,./dados/2024_1/salas_preferenciais_2024.1.xlsx,/Users/robertdrey/Documents/workspace/development/alocador_de_salas,resultados/experimentos/2024_1/curso_pares/total4h_inicial3min_norel3min_viz10min/20260923_214522/melhor_solucao.sol,resultados/experimentos/2024_1/curso_pares/total4h_inicial3min_norel3min_viz10min/20260923_214522/historico.csv,resultados/experimentos/2024_1/curso_pares/total4h_inicial3min_norel3min_viz10min/20260923_214522/historico.json,180.0,1,180.0,600.0,1,0,CS,HIS,38
1,3,39,par_cursos,CS+LET,58,13708,81282,OPTIMAL,185922.5,185922.5,False,185922.5,3.85,3.51,600.0,,alfabetica,,,iteracao,curso_pares,180.0,180.0,600.0,14400.0,False,False,alfabetica,,alfabetica,,./dados/2024_1/horarios_2024_1.xlsx,./dados/2024_1/salas_2024_1.csv,./dados/2024_1/salas_preferenciais_2024.1.xlsx,/Users/robertdrey/Documents/workspace/development/alocador_de_salas,resultados/experimentos/2024_1/curso_pares/total4h_inicial3min_norel3min_viz10min/20260923_214522/melhor_solucao.sol,resultados/experimentos/2024_1/curso_pares/total4h_inicial3min_norel3min_viz10min/20260923_214522/historico.csv,resultados/experimentos/2024_1/curso_pares/total4h_inicial3min_norel3min_viz10min/20260923_214522/historico.json,180.0,1,180.0,600.0,1,0,CS,LET,39
1,3,40,par_cursos,CS+MAT,45,9522,85468,OPTIMAL,185922.5,185922.5,False,185922.5,0.9,0.57,600.0,,alfabetica,,,iteracao,curso_pares,180.0,180.0,600.0,14400.0,False,False,alfabetica,,alfabetica,,./dados/2024_1/horarios_2024_1.xlsx,./dados/2024_1/salas_2024_1.csv,./dados/2024_1/salas_preferenciais_2024.1.xlsx,/Users/robertdrey/Documents/workspace/development/alocador_de_salas,resultados/experimentos/2024_1/curso_pares/total4h_inicial3min_norel3min_viz10min/20260923_214522/melhor_solucao.sol,resultados/experimentos/2024_1/curso_pares/total4h_inicial3min_norel3min_viz10min/20260923_214522/historico.csv,resultados/experimentos/2024_1/curso_pares/total4h_inicial3min_norel3min_viz10min/20260923_214522/historico.json,180.0,1,180.0,600.0,1,0,CS,MAT,40
1,3,41,par_cursos,CS+MED,63,13938,81052,OPTIMAL,185922.5,185922.5,False,185922.5,1.23,0.92,600.0,,alfabetica,,,iteracao,curso_pares,180.0,180.0,600.0,14400.0,False,False,alfabetica,,alfabetica,,./dados/2024_1/horarios_2024_1.xlsx,./dados/2024_1/salas_2024_1.csv,./dados/2024_1/salas_preferenciais_2024.1.xlsx,/Users/robertdrey/Documents/workspace/development/alocador_de_salas,resultados/experimentos/2024_1/curso_pares/total4h_inicial3min_norel3min_viz10min/20260923_214522/melhor_solucao.sol,resultados/experimentos/2024_1/curso_pares/total4h_inicial3min_norel3min_viz10min/20260923_214522/historico.csv,resultados/experimentos/2024_1/curso_pares/total4h_inicial3min_norel3min_viz10min/20260923_214522/historico.json,180.0,1,180.0,600.0,1,0,CS,MED,41
1,3,42,par_cursos,CS+PED,78,17342,77648,OPTIMAL,185922.5,185922.5,False,185922.5,18.49,18.16,600.0,,alfabetica,,,iteracao,curso_pares,180.0,180.0,600.0,14400.0,False,False,alfabetica,,alfabetica,,./dados/2024_1/horarios_2024_1.xlsx,./dados/2024_1/salas_2024_1.csv,./dados/2024_1/salas_preferenciais_2024.1.xlsx,/Users/robertdrey/Documents/workspace/development/alocador_de_salas,resultados/experimentos/2024_1/curso_pares/total4h_inicial3min_norel3min_viz10min/20260923_214522/melhor_solucao.sol,resultados/experimentos/2024_1/curso_pares/total4h_inicial3min_norel3min_viz10min/20260923_214522/historico.csv,resultados/experimentos/2024_1/curso_pares/total4h_inicial3min_norel3min_viz10min/20260923_214522/historico.json,180.0,1,180.0,600.0,1,0,CS,PED,42
1,3,43,par_cursos,EAS+ENF,63,15962,79028,OPTIMAL,185922.5,185922.5,False,185922.5,13.95,13.62,600.0,,alfabetica,,,iteracao,curso_pares,180.0,180.0,600.0,14400.0,False,False,alfabetica,,alfabetica,,./dados/2024_1/horarios_2024_1.xlsx,./dados/2024_1/salas_2024_1.csv,./dados/2024_1/salas_preferenciais_2024.1.xlsx,/Users/robertdrey/Documents/workspace/development/alocador_de_salas,resultados/experimentos/2024_1/curso_pares/total4h_inicial3min_norel3min_viz10min/20260923_214522/melhor_solucao.sol,resultados/experimentos/2024_1/curso_pares/total4h_inicial3min_norel3min_viz10min/20260923_214522/historico.csv,resultados/experimentos/2024_1/curso_pares/total4h_inicial3min_norel3min_viz10min/20260923_214522/historico.json,180.0,1,180.0,600.0,1,0,EAS,ENF,43
1,3,44,par_cursos,EAS+FIL,60,10212,84778,OPTIMAL,185922.5,185922.5,False,185922.5,0.77,0.45,600.0,,alfabetica,,,iteracao,curso_pares,180.0,180.0,600.0,14400.0,False,False,alfabetica,,alfabetica,,./dados/2024_1/horarios_2024_1.xlsx,./dados/2024_1/salas_2024_1.csv,./dados/2024_1/salas_preferenciais_2024.1.xlsx,/Users/robertdrey/Documents/workspace/development/alocador_de_salas,resultados/experimentos/2024_1/curso_pares/total4h_inicial3min_norel3min_viz10min/20260923_214522/melhor_solucao.sol,resultados/experimentos/2024_1/curso_pares/total4h_inicial3min_norel3min_viz10min/20260923_214522/historico.csv,resultados/experimentos/2024_1/curso_pares/total4h_inicial3min_norel3min_viz10min/20260923_214522/historico.json,180.0,1,180.0,600.0,1,0,EAS,FIL,44
1,3,45,par_cursos,EAS+GEO,55,9522,85468,OPTIMAL,185922.5,185922.5,False,185922.5,0.79,0.46,600.0,,alfabetica,,,iteracao,curso_pares,180.0,180.0,600.0,14400.0,False,False,alfabetica,,alfabetica,,./dados/2024_1/horarios_2024_1.xlsx,./dados/2024_1/salas_2024_1.csv,./dados/2024_1/salas_preferenciais_2024.1.xlsx,/Users/robertdrey/Documents/workspace/development/alocador_de_salas,resultados/experimentos/2024_1/curso_pares/total4h_inicial3min_norel3min_viz10min/20260923_214522/melhor_solucao.sol,resultados/experimentos/2024_1/curso_pares/total4h_inicial3min_norel3min_viz10min/20260923_214522/historico.csv,resultados/experimentos/2024_1/curso_pares/total4h_inicial3min_norel3min_viz10min/20260923_214522/historico.json,180.0,1,180.0,600.0,1,0,EAS,GEO,45
1,3,46,par_cursos,EAS+HIS,69,12236,82754,OPTIMAL,185922.5,185922.5,False,185922.5,0.92,0.59,600.0,,alfabetica,,,iteracao,curso_pares,180.0,180.0,600.0,14400.0,False,False,alfabetica,,alfabetica,,./dados/2024_1/horarios_2024_1.xlsx,./dados/2024_1/salas_2024_1.csv,./dados/2024_1/salas_preferenciais_2024.1.xlsx,/Users/robertdrey/Documents/workspace/development/alocador_de_salas,resultados/experimentos/2024_1/curso_pares/total4h_inicial3min_norel3min_viz10min/20260923_214522/melhor_solucao.sol,resultados/experimentos/2024_1/curso_pares/total4h_inicial3min_norel3min_viz10min/20260923_214522/historico.csv,resultados/experimentos/2024_1/curso_pares/total4h_inicial3min_norel3min_viz10min/20260923_214522/historico.json,180.0,1,180.0,600.0,1,0,EAS,HIS,46
1,3,47,par_cursos,EAS+LET,81,16606,78384,OPTIMAL,185922.5,185922.5,False,185922.5,12.87,12.54,600.0,,alfabetica,,,iteracao,curso_pares,180.0,180.0,600.0,14400.0,False,False,alfabetica,,alfabetica,,./dados/2024_1/horarios_2024_1.xlsx,./dados/2024_1/salas_2024_1.csv,./dados/2024_1/salas_preferenciais_2024.1.xlsx,/Users/robertdrey/Documents/workspace/development/alocador_de_salas,resultados/experimentos/2024_1/curso_pares/total4h_inicial3min_norel3min_viz10min/20260923_214522/melhor_solucao.sol,resultados/experimentos/2024_1/curso_pares/total4h_inicial3min_norel3min_viz10min/20260923_214522/historico.csv,resultados/experimentos/2024_1/curso_pares/total4h_inicial3min_norel3min_viz10min/20260923_214522/historico.json,180.0,1,180.0,600.0,1,0,EAS,LET,47
1,3,48,par_cursos,EAS+MAT,68,12420,82570,OPTIMAL,185922.5,185917.5,True,185917.5,1.37,1.02,600.0,,alfabetica,,,iteracao,curso_pares,180.0,180.0,600.0,14400.0,False,False,alfabetica,,alfabetica,,./dados/2024_1/horarios_2024_1.xlsx,./dados/2024_1/salas_2024_1.csv,./dados/2024_1/salas_preferenciais_2024.1.xlsx,/Users/robertdrey/Documents/workspace/development/alocador_de_salas,resultados/experimentos/2024_1/curso_pares/total4h_inicial3min_norel3min_viz10min/20260923_214522/melhor_solucao.sol,resultados/experimentos/2024_1/curso_pares/total4h_inicial3min_norel3min_viz10min/20260923_214522/historico.csv,resultados/experimentos/2024_1/curso_pares/total4h_inicial3min_norel3min_viz10min/20260923_214522/historico.json,180.0,1,180.0,600.0,1,0,EAS,MAT,48
1,3,49,par_cursos,EAS+MED,86,16836,78154,OPTIMAL,185917.5,185917.5,False,185917.5,1.91,1.59,600.0,,alfabetica,,,iteracao,curso_pares,180.0,180.0,600.0,14400.0,False,False,alfabetica,,alfabetica,,./dados/2024_1/horarios_2024_1.xlsx,./dados/2024_1/salas_2024_1.csv,./dados/2024_1/salas_preferenciais_2024.1.xlsx,/Users/robertdrey/Documents/workspace/development/alocador_de_salas,resultados/experimentos/2024_1/curso_pares/total4h_inicial3min_norel3min_viz10min/20260923_214522/melhor_solucao.sol,resultados/experimentos/2024_1/curso_pares/total4h_inicial3min_norel3min_viz10min/20260923_214522/historico.csv,resultados/experimentos/2024_1/curso_pares/total4h_inicial3min_norel3min_viz10min/20260923_214522/historico.json,180.0,1,180.0,600.0,1,0,EAS,MED,49
1,3,50,par_cursos,EAS+PED,101,20240,74750,OPTIMAL,185917.5,185917.5,False,185917.5,17.72,17.41,600.0,,alfabetica,,,iteracao,curso_pares,180.0,180.0,600.0,14400.0,False,False,alfabetica,,alfabetica,,./dados/2024_1/horarios_2024_1.xlsx,./dados/2024_1/salas_2024_1.csv,./dados/2024_1/salas_preferenciais_2024.1.xlsx,/Users/robertdrey/Documents/workspace/development/alocador_de_salas,resultados/experimentos/2024_1/curso_pares/total4h_inicial3min_norel3min_viz10min/20260923_214522/melhor_solucao.sol,resultados/experimentos/2024_1/curso_pares/total4h_inicial3min_norel3min_viz10min/20260923_214522/historico.csv,resultados/experimentos/2024_1/curso_pares/total4h_inicial3min_norel3min_viz10min/20260923_214522/historico.json,180.0,1,180.0,600.0,1,0,EAS,PED,50
1,3,51,par_cursos,ENF+FIL,33,11270,83720,OPTIMAL,185917.5,185917.5,False,185917.5,2.14,1.82,600.0,,alfabetica,,,iteracao,curso_pares,180.0,180.0,600.0,14400.0,False,False,alfabetica,,alfabetica,,./dados/2024_1/horarios_2024_1.xlsx,./dados/2024_1/salas_2024_1.csv,./dados/2024_1/salas_preferenciais_2024.1.xlsx,/Users/robertdrey/Documents/workspace/development/alocador_de_salas,resultados/experimentos/2024_1/curso_pares/total4h_inicial3min_norel3min_viz10min/20260923_214522/melhor_solucao.sol,resultados/experimentos/2024_1/curso_pares/total4h_inicial3min_norel3min_viz10min/20260923_214522/historico.csv,resultados/experimentos/2024_1/curso_pares/total4h_inicial3min_norel3min_viz10min/20260923_214522/historico.json,180.0,1,180.0,600.0,1,0,ENF,FIL,51
1,3,52,par_cursos,ENF+GEO,28,10580,84410,OPTIMAL,185917.5,185917.5,False,185917.5,2.34,2.01,600.0,,alfabetica,,,iteracao,curso_pares,180.0,180.0,600.0,14400.0,False,False,alfabetica,,alfabetica,,./dados/2024_1/horarios_2024_1.xlsx,./dados/2024_1/salas_2024_1.csv,./dados/2024_1/salas_preferenciais_2024.1.xlsx,/Users/robertdrey/Documents/workspace/development/alocador_de_salas,resultados/experimentos/2024_1/curso_pares/total4h_inicial3min_norel3min_viz10min/20260923_214522/melhor_solucao.sol,resultados/experimentos/2024_1/curso_pares/total4h_inicial3min_norel3min_viz10min/20260923_214522/historico.csv,resultados/experimentos/2024_1/curso_pares/total4h_inicial3min_norel3min_viz10min/20260923_214522/historico.json,180.0,1,180.0,600.0,1,0,ENF,GEO,52
1,3,53,par_cursos,ENF+HIS,42,13294,81696,OPTIMAL,185917.5,185917.5,False,185917.5,2.4,2.07,600.0,,alfabetica,,,iteracao,curso_pares,180.0,180.0,600.0,14400.0,False,False,alfabetica,,alfabetica,,./dados/2024_1/horarios_2024_1.xlsx,./dados/2024_1/salas_2024_1.csv,./dados/2024_1/salas_preferenciais_2024.1.xlsx,/Users/robertdrey/Documents/workspace/development/alocador_de_salas,resultados/experimentos/2024_1/curso_pares/total4h_inicial3min_norel3min_viz10min/20260923_214522/melhor_solucao.sol,resultados/experimentos/2024_1/curso_pares/total4h_inicial3min_norel3min_viz10min/20260923_214522/historico.csv,resultados/experimentos/2024_1/curso_pares/total4h_inicial3min_norel3min_viz10min/20260923_214522/historico.json,180.0,1,180.0,600.0,1,0,ENF,HIS,53
1,3,54,par_cursos,ENF+LET,54,17664,77326,OPTIMAL,185917.5,185917.5,False,185917.5,360.92,360.6,600.0,,alfabetica,,,iteracao,curso_pares,180.0,180.0,600.0,14400.0,False,False,alfabetica,,alfabetica,,./dados/2024_1/horarios_2024_1.xlsx,./dados/2024_1/salas_2024_1.csv,./dados/2024_1/salas_preferenciais_2024.1.xlsx,/Users/robertdrey/Documents/workspace/development/alocador_de_salas,resultados/experimentos/2024_1/curso_pares/total4h_inicial3min_norel3min_viz10min/20260923_214522/melhor_solucao.sol,resultados/experimentos/2024_1/curso_pares/total4h_inicial3min_norel3min_viz10min/20260923_214522/historico.csv,resultados/experimentos/2024_1/curso_pares/total4h_inicial3min_norel3min_viz10min/20260923_214522/historico.json,180.0,1,180.0,600.0,1,0,ENF,LET,54
1,3,55,par_cursos,ENF+MAT,41,13478,81512,OPTIMAL,185917.5,185917.5,False,185917.5,3.17,2.85,600.0,,alfabetica,,,iteracao,curso_pares,180.0,180.0,600.0,14400.0,False,False,alfabetica,,alfabetica,,./dados/2024_1/horarios_2024_1.xlsx,./dados/2024_1/salas_2024_1.csv,./dados/2024_1/salas_preferenciais_2024.1.xlsx,/Users/robertdrey/Documents/workspace/development/alocador_de_salas,resultados/experimentos/2024_1/curso_pares/total4h_inicial3min_norel3min_viz10min/20260923_214522/melhor_solucao.sol,resultados/experimentos/2024_1/curso_pares/total4h_inicial3min_norel3min_viz10min/20260923_214522/historico.csv,resultados/experimentos/2024_1/curso_pares/total4h_inicial3min_norel3min_viz10min/20260923_214522/historico.json,180.0,1,180.0,600.0,1,0,ENF,MAT,55
1,3,56,par_cursos,ENF+MED,59,17894,77096,OPTIMAL,185917.5,185902.5,True,185902.5,125.33,124.99,600.0,,alfabetica,,,iteracao,curso_pares,180.0,180.0,600.0,14400.0,False,False,alfabetica,,alfabetica,,./dados/2024_1/horarios_2024_1.xlsx,./dados/2024_1/salas_2024_1.csv,./dados/2024_1/salas_preferenciais_2024.1.xlsx,/Users/robertdrey/Documents/workspace/development/alocador_de_salas,resultados/experimentos/2024_1/curso_pares/total4h_inicial3min_norel3min_viz10min/20260923_214522/melhor_solucao.sol,resultados/experimentos/2024_1/curso_pares/total4h_inicial3min_norel3min_viz10min/20260923_214522/historico.csv,resultados/experimentos/2024_1/curso_pares/total4h_inicial3min_norel3min_viz10min/20260923_214522/historico.json,180.0,1,180.0,600.0,1,0,ENF,MED,56
1,3,57,par_cursos,ENF+PED,74,21298,73692,TIME_LIMIT,185902.5,185902.5,False,185902.5,600.49,600.17,600.0,,alfabetica,,,iteracao,curso_pares,180.0,180.0,600.0,14400.0,False,False,alfabetica,,alfabetica,,./dados/2024_1/horarios_2024_1.xlsx,./dados/2024_1/salas_2024_1.csv,./dados/2024_1/salas_preferenciais_2024.1.xlsx,/Users/robertdrey/Documents/workspace/development/alocador_de_salas,resultados/experimentos/2024_1/curso_pares/total4h_inicial3min_norel3min_viz10min/20260923_214522/melhor_solucao.sol,resultados/experimentos/2024_1/curso_pares/total4h_inicial3min_norel3min_viz10min/20260923_214522/historico.csv,resultados/experimentos/2024_1/curso_pares/total4h_inicial3min_norel3min_viz10min/20260923_214522/historico.json,180.0,1,180.0,600.0,1,0,ENF,PED,57
1,3,58,par_cursos,FIL+GEO,25,4830,90160,OPTIMAL,185902.5,185902.5,False,185902.5,0.65,0.32,600.0,,alfabetica,,,iteracao,curso_pares,180.0,180.0,600.0,14400.0,False,False,alfabetica,,alfabetica,,./dados/2024_1/horarios_2024_1.xlsx,./dados/2024_1/salas_2024_1.csv,./dados/2024_1/salas_preferenciais_2024.1.xlsx,/Users/robertdrey/Documents/workspace/development/alocador_de_salas,resultados/experimentos/2024_1/curso_pares/total4h_inicial3min_norel3min_viz10min/20260923_214522/melhor_solucao.sol,resultados/experimentos/2024_1/curso_pares/total4h_inicial3min_norel3min_viz10min/20260923_214522/historico.csv,resultados/experimentos/2024_1/curso_pares/total4h_inicial3min_norel3min_viz10min/20260923_214522/historico.json,180.0,1,180.0,600.0,1,0,FIL,GEO,58
1,3,59,par_cursos,FIL+HIS,39,7544,87446,OPTIMAL,185902.5,185902.5,False,185902.5,0.68,0.36,600.0,,alfabetica,,,iteracao,curso_pares,180.0,180.0,600.0,14400.0,False,False,alfabetica,,alfabetica,,./dados/2024_1/horarios_2024_1.xlsx,./dados/2024_1/salas_2024_1.csv,./dados/2024_1/salas_preferenciais_2024.1.xlsx,/Users/robertdrey/Documents/workspace/development/alocador_de_salas,resultados/experimentos/2024_1/curso_pares/total4h_inicial3min_norel3min_viz10min/20260923_214522/melhor_solucao.sol,resultados/experimentos/2024_1/curso_pares/total4h_inicial3min_norel3min_viz10min/20260923_214522/historico.csv,resultados/experimentos/2024_1/curso_pares/total4h_inicial3min_norel3min_viz10min/20260923_214522/historico.json,180.0,1,180.0,600.0,1,0,FIL,HIS,59
1,3,60,par_cursos,FIL+LET,51,11914,83076,OPTIMAL,185902.5,185902.5,False,185902.5,45.36,45.01,600.0,,alfabetica,,,iteracao,curso_pares,180.0,180.0,600.0,14400.0,False,False,alfabetica,,alfabetica,,./dados/2024_1/horarios_2024_1.xlsx,./dados/2024_1/salas_2024_1.csv,./dados/2024_1/salas_preferenciais_2024.1.xlsx,/Users/robertdrey/Documents/workspace/development/alocador_de_salas,resultados/experimentos/2024_1/curso_pares/total4h_inicial3min_norel3min_viz10min/20260923_214522/melhor_solucao.sol,resultados/experimentos/2024_1/curso_pares/total4h_inicial3min_norel3min_viz10min/20260923_214522/historico.csv,resultados/experimentos/2024_1/curso_pares/total4h_inicial3min_norel3min_viz10min/20260923_214522/historico.json,180.0,1,180.0,600.0,1,0,FIL,LET,60
1,3,61,par_cursos,FIL+MAT,38,7728,87262,OPTIMAL,185902.5,185902.5,False,185902.5,0.73,0.38,600.0,,alfabetica,,,iteracao,curso_pares,180.0,180.0,600.0,14400.0,False,False,alfabetica,,alfabetica,,./dados/2024_1/horarios_2024_1.xlsx,./dados/2024_1/salas_2024_1.csv,./dados/2024_1/salas_preferenciais_2024.1.xlsx,/Users/robertdrey/Documents/workspace/development/alocador_de_salas,resultados/experimentos/2024_1/curso_pares/total4h_inicial3min_norel3min_viz10min/20260923_214522/melhor_solucao.sol,resultados/experimentos/2024_1/curso_pares/total4h_inicial3min_norel3min_viz10min/20260923_214522/historico.csv,resultados/experimentos/2024_1/curso_pares/total4h_inicial3min_norel3min_viz10min/20260923_214522/historico.json,180.0,1,180.0,600.0,1,0,FIL,MAT,61
1,3,62,par_cursos,FIL+MED,56,12144,82846,OPTIMAL,185902.5,185902.5,False,185902.5,1.12,0.81,600.0,,alfabetica,,,iteracao,curso_pares,180.0,180.0,600.0,14400.0,False,False,alfabetica,,alfabetica,,./dados/2024_1/horarios_2024_1.xlsx,./dados/2024_1/salas_2024_1.csv,./dados/2024_1/salas_preferenciais_2024.1.xlsx,/Users/robertdrey/Documents/workspace/development/alocador_de_salas,resultados/experimentos/2024_1/curso_pares/total4h_inicial3min_norel3min_viz10min/20260923_214522/melhor_solucao.sol,resultados/experimentos/2024_1/curso_pares/total4h_inicial3min_norel3min_viz10min/20260923_214522/historico.csv,resultados/experimentos/2024_1/curso_pares/total4h_inicial3min_norel3min_viz10min/20260923_214522/historico.json,180.0,1,180.0,600.0,1,0,FIL,MED,62
1,3,63,par_cursos,FIL+PED,71,15548,79442,OPTIMAL,185902.5,185902.5,False,185902.5,77.19,76.87,600.0,,alfabetica,,,iteracao,curso_pares,180.0,180.0,600.0,14400.0,False,False,alfabetica,,alfabetica,,./dados/2024_1/horarios_2024_1.xlsx,./dados/2024_1/salas_2024_1.csv,./dados/2024_1/salas_preferenciais_2024.1.xlsx,/Users/robertdrey/Documents/workspace/development/alocador_de_salas,resultados/experimentos/2024_1/curso_pares/total4h_inicial3min_norel3min_viz10min/20260923_214522/melhor_solucao.sol,resultados/experimentos/2024_1/curso_pares/total4h_inicial3min_norel3min_viz10min/20260923_214522/historico.csv,resultados/experimentos/2024_1/curso_pares/total4h_inicial3min_norel3min_viz10min/20260923_214522/historico.json,180.0,1,180.0,600.0,1,0,FIL,PED,63
1,3,64,par_cursos,GEO+HIS,34,6854,88136,OPTIMAL,185902.5,185902.5,False,185902.5,0.69,0.37,600.0,,alfabetica,,,iteracao,curso_pares,180.0,180.0,600.0,14400.0,False,False,alfabetica,,alfabetica,,./dados/2024_1/horarios_2024_1.xlsx,./dados/2024_1/salas_2024_1.csv,./dados/2024_1/salas_preferenciais_2024.1.xlsx,/Users/robertdrey/Documents/workspace/development/alocador_de_salas,resultados/experimentos/2024_1/curso_pares/total4h_inicial3min_norel3min_viz10min/20260923_214522/melhor_solucao.sol,resultados/experimentos/2024_1/curso_pares/total4h_inicial3min_norel3min_viz10min/20260923_214522/historico.csv,resultados/experimentos/2024_1/curso_pares/total4h_inicial3min_norel3min_viz10min/20260923_214522/historico.json,180.0,1,180.0,600.0,1,0,GEO,HIS,64
1,3,65,par_cursos,GEO+LET,46,11224,83766,OPTIMAL,185902.5,185815.5,True,185815.5,35.16,34.82,600.0,,alfabetica,,,iteracao,curso_pares,180.0,180.0,600.0,14400.0,False,False,alfabetica,,alfabetica,,./dados/2024_1/horarios_2024_1.xlsx,./dados/2024_1/salas_2024_1.csv,./dados/2024_1/salas_preferenciais_2024.1.xlsx,/Users/robertdrey/Documents/workspace/development/alocador_de_salas,resultados/experimentos/2024_1/curso_pares/total4h_inicial3min_norel3min_viz10min/20260923_214522/melhor_solucao.sol,resultados/experimentos/2024_1/curso_pares/total4h_inicial3min_norel3min_viz10min/20260923_214522/historico.csv,resultados/experimentos/2024_1/curso_pares/total4h_inicial3min_norel3min_viz10min/20260923_214522/historico.json,180.0,1,180.0,600.0,1,0,GEO,LET,65
1,3,66,par_cursos,GEO+MAT,33,7038,87952,OPTIMAL,185815.5,185815.5,False,185815.5,0.73,0.38,600.0,,alfabetica,,,iteracao,curso_pares,180.0,180.0,600.0,14400.0,False,False,alfabetica,,alfabetica,,./dados/2024_1/horarios_2024_1.xlsx,./dados/2024_1/salas_2024_1.csv,./dados/2024_1/salas_preferenciais_2024.1.xlsx,/Users/robertdrey/Documents/workspace/development/alocador_de_salas,resultados/experimentos/2024_1/curso_pares/total4h_inicial3min_norel3min_viz10min/20260923_214522/melhor_solucao.sol,resultados/experimentos/2024_1/curso_pares/total4h_inicial3min_norel3min_viz10min/20260923_214522/historico.csv,resultados/experimentos/2024_1/curso_pares/total4h_inicial3min_norel3min_viz10min/20260923_214522/historico.json,180.0,1,180.0,600.0,1,0,GEO,MAT,66
1,3,67,par_cursos,GEO+MED,51,11454,83536,OPTIMAL,185815.5,185815.5,False,185815.5,1.08,0.75,600.0,,alfabetica,,,iteracao,curso_pares,180.0,180.0,600.0,14400.0,False,False,alfabetica,,alfabetica,,./dados/2024_1/horarios_2024_1.xlsx,./dados/2024_1/salas_2024_1.csv,./dados/2024_1/salas_preferenciais_2024.1.xlsx,/Users/robertdrey/Documents/workspace/development/alocador_de_salas,resultados/experimentos/2024_1/curso_pares/total4h_inicial3min_norel3min_viz10min/20260923_214522/melhor_solucao.sol,resultados/experimentos/2024_1/curso_pares/total4h_inicial3min_norel3min_viz10min/20260923_214522/historico.csv,resultados/experimentos/2024_1/curso_pares/total4h_inicial3min_norel3min_viz10min/20260923_214522/historico.json,180.0,1,180.0,600.0,1,0,GEO,MED,67
1,3,68,par_cursos,GEO+PED,66,14858,80132,OPTIMAL,185815.5,185815.5,False,185815.5,24.2,23.87,600.0,,alfabetica,,,iteracao,curso_pares,180.0,180.0,600.0,14400.0,False,False,alfabetica,,alfabetica,,./dados/2024_1/horarios_2024_1.xlsx,./dados/2024_1/salas_2024_1.csv,./dados/2024_1/salas_preferenciais_2024.1.xlsx,/Users/robertdrey/Documents/workspace/development/alocador_de_salas,resultados/experimentos/2024_1/curso_pares/total4h_inicial3min_norel3min_viz10min/20260923_214522/melhor_solucao.sol,resultados/experimentos/2024_1/curso_pares/total4h_inicial3min_norel3min_viz10min/20260923_214522/historico.csv,resultados/experimentos/2024_1/curso_pares/total4h_inicial3min_norel3min_viz10min/20260923_214522/historico.json,180.0,1,180.0,600.0,1,0,GEO,PED,68
1,3,69,par_cursos,HIS+LET,60,13938,81052,OPTIMAL,185815.5,185815.5,False,185815.5,14.46,14.13,600.0,,alfabetica,,,iteracao,curso_pares,180.0,180.0,600.0,14400.0,False,False,alfabetica,,alfabetica,,./dados/2024_1/horarios_2024_1.xlsx,./dados/2024_1/salas_2024_1.csv,./dados/2024_1/salas_preferenciais_2024.1.xlsx,/Users/robertdrey/Documents/workspace/development/alocador_de_salas,resultados/experimentos/2024_1/curso_pares/total4h_inicial3min_norel3min_viz10min/20260923_214522/melhor_solucao.sol,resultados/experimentos/2024_1/curso_pares/total4h_inicial3min_norel3min_viz10min/20260923_214522/historico.csv,resultados/experimentos/2024_1/curso_pares/total4h_inicial3min_norel3min_viz10min/20260923_214522/historico.json,180.0,1,180.0,600.0,1,0,HIS,LET,69
1,3,70,par_cursos,HIS+MAT,47,9752,85238,OPTIMAL,185815.5,185815.5,False,185815.5,0.86,0.54,600.0,,alfabetica,,,iteracao,curso_pares,180.0,180.0,600.0,14400.0,False,False,alfabetica,,alfabetica,,./dados/2024_1/horarios_2024_1.xlsx,./dados/2024_1/salas_2024_1.csv,./dados/2024_1/salas_preferenciais_2024.1.xlsx,/Users/robertdrey/Documents/workspace/development/alocador_de_salas,resultados/experimentos/2024_1/curso_pares/total4h_inicial3min_norel3min_viz10min/20260923_214522/melhor_solucao.sol,resultados/experimentos/2024_1/curso_pares/total4h_inicial3min_norel3min_viz10min/20260923_214522/historico.csv,resultados/experimentos/2024_1/curso_pares/total4h_inicial3min_norel3min_viz10min/20260923_214522/historico.json,180.0,1,180.0,600.0,1,0,HIS,MAT,70
1,3,71,par_cursos,HIS+MED,65,14168,80822,OPTIMAL,185815.5,185815.5,False,185815.5,1.07,0.75,600.0,,alfabetica,,,iteracao,curso_pares,180.0,180.0,600.0,14400.0,False,False,alfabetica,,alfabetica,,./dados/2024_1/horarios_2024_1.xlsx,./dados/2024_1/salas_2024_1.csv,./dados/2024_1/salas_preferenciais_2024.1.xlsx,/Users/robertdrey/Documents/workspace/development/alocador_de_salas,resultados/experimentos/2024_1/curso_pares/total4h_inicial3min_norel3min_viz10min/20260923_214522/melhor_solucao.sol,resultados/experimentos/2024_1/curso_pares/total4h_inicial3min_norel3min_viz10min/20260923_214522/historico.csv,resultados/experimentos/2024_1/curso_pares/total4h_inicial3min_norel3min_viz10min/20260923_214522/historico.json,180.0,1,180.0,600.0,1,0,HIS,MED,71
1,3,72,par_cursos,HIS+PED,80,17572,77418,OPTIMAL,185815.5,185815.5,False,185815.5,37.52,37.21,600.0,,alfabetica,,,iteracao,curso_pares,180.0,180.0,600.0,14400.0,False,False,alfabetica,,alfabetica,,./dados/2024_1/horarios_2024_1.xlsx,./dados/2024_1/salas_2024_1.csv,./dados/2024_1/salas_preferenciais_2024.1.xlsx,/Users/robertdrey/Documents/workspace/development/alocador_de_salas,resultados/experimentos/2024_1/curso_pares/total4h_inicial3min_norel3min_viz10min/20260923_214522/melhor_solucao.sol,resultados/experimentos/2024_1/curso_pares/total4h_inicial3min_norel3min_viz10min/20260923_214522/historico.csv,resultados/experimentos/2024_1/curso_pares/total4h_inicial3min_norel3min_viz10min/20260923_214522/historico.json,180.0,1,180.0,600.0,1,0,HIS,PED,72
1,3,73,par_cursos,LET+MAT,59,14122,80868,OPTIMAL,185815.5,185815.5,False,185815.5,10.39,10.08,600.0,,alfabetica,,,iteracao,curso_pares,180.0,180.0,600.0,14400.0,False,False,alfabetica,,alfabetica,,./dados/2024_1/horarios_2024_1.xlsx,./dados/2024_1/salas_2024_1.csv,./dados/2024_1/salas_preferenciais_2024.1.xlsx,/Users/robertdrey/Documents/workspace/development/alocador_de_salas,resultados/experimentos/2024_1/curso_pares/total4h_inicial3min_norel3min_viz10min/20260923_214522/melhor_solucao.sol,resultados/experimentos/2024_1/curso_pares/total4h_inicial3min_norel3min_viz10min/20260923_214522/historico.csv,resultados/experimentos/2024_1/curso_pares/total4h_inicial3min_norel3min_viz10min/20260923_214522/historico.json,180.0,1,180.0,600.0,1,0,LET,MAT,73
1,3,74,par_cursos,LET+MED,77,18538,76452,OPTIMAL,185815.5,185815.5,False,185815.5,4.47,4.16,600.0,,alfabetica,,,iteracao,curso_pares,180.0,180.0,600.0,14400.0,False,False,alfabetica,,alfabetica,,./dados/2024_1/horarios_2024_1.xlsx,./dados/2024_1/salas_2024_1.csv,./dados/2024_1/salas_preferenciais_2024.1.xlsx,/Users/robertdrey/Documents/workspace/development/alocador_de_salas,resultados/experimentos/2024_1/curso_pares/total4h_inicial3min_norel3min_viz10min/20260923_214522/melhor_solucao.sol,resultados/experimentos/2024_1/curso_pares/total4h_inicial3min_norel3min_viz10min/20260923_214522/historico.csv,resultados/experimentos/2024_1/curso_pares/total4h_inicial3min_norel3min_viz10min/20260923_214522/historico.json,180.0,1,180.0,600.0,1,0,LET,MED,74
1,3,75,par_cursos,LET+PED,92,21942,73048,TIME_LIMIT,185815.5,185815.5,False,185815.5,600.39,600.05,600.0,,alfabetica,,,iteracao,curso_pares,180.0,180.0,600.0,14400.0,False,False,alfabetica,,alfabetica,,./dados/2024_1/horarios_2024_1.xlsx,./dados/2024_1/salas_2024_1.csv,./dados/2024_1/salas_preferenciais_2024.1.xlsx,/Users/robertdrey/Documents/workspace/development/alocador_de_salas,resultados/experimentos/2024_1/curso_pares/total4h_inicial3min_norel3min_viz10min/20260923_214522/melhor_solucao.sol,resultados/experimentos/2024_1/curso_pares/total4h_inicial3min_norel3min_viz10min/20260923_214522/historico.csv,resultados/experimentos/2024_1/curso_pares/total4h_inicial3min_norel3min_viz10min/20260923_214522/historico.json,180.0,1,180.0,600.0,1,0,LET,PED,75
1,3,76,par_cursos,MAT+MED,64,14352,80638,OPTIMAL,185815.5,185815.5,False,185815.5,1.29,0.93,600.0,,alfabetica,,,iteracao,curso_pares,180.0,180.0,600.0,14400.0,False,False,alfabetica,,alfabetica,,./dados/2024_1/horarios_2024_1.xlsx,./dados/2024_1/salas_2024_1.csv,./dados/2024_1/salas_preferenciais_2024.1.xlsx,/Users/robertdrey/Documents/workspace/development/alocador_de_salas,resultados/experimentos/2024_1/curso_pares/total4h_inicial3min_norel3min_viz10min/20260923_214522/melhor_solucao.sol,resultados/experimentos/2024_1/curso_pares/total4h_inicial3min_norel3min_viz10min/20260923_214522/historico.csv,resultados/experimentos/2024_1/curso_pares/total4h_inicial3min_norel3min_viz10min/20260923_214522/historico.json,180.0,1,180.0,600.0,1,0,MAT,MED,76
1,3,77,par_cursos,MAT+PED,79,17756,77234,OPTIMAL,185815.5,185815.5,False,185815.5,22.19,21.87,600.0,,alfabetica,,,iteracao,curso_pares,180.0,180.0,600.0,14400.0,False,False,alfabetica,,alfabetica,,./dados/2024_1/horarios_2024_1.xlsx,./dados/2024_1/salas_2024_1.csv,./dados/2024_1/salas_preferenciais_2024.1.xlsx,/Users/robertdrey/Documents/workspace/development/alocador_de_salas,resultados/experimentos/2024_1/curso_pares/total4h_inicial3min_norel3min_viz10min/20260923_214522/melhor_solucao.sol,resultados/experimentos/2024_1/curso_pares/total4h_inicial3min_norel3min_viz10min/20260923_214522/historico.csv,resultados/experimentos/2024_1/curso_pares/total4h_inicial3min_norel3min_viz10min/20260923_214522/historico.json,180.0,1,180.0,600.0,1,0,MAT,PED,77
1,3,78,par_cursos,MED+PED,97,22172,72818,OPTIMAL,185815.5,185815.5,False,185815.5,23.38,23.04,600.0,,alfabetica,,,iteracao,curso_pares,180.0,180.0,600.0,14400.0,False,False,alfabetica,,alfabetica,,./dados/2024_1/horarios_2024_1.xlsx,./dados/2024_1/salas_2024_1.csv,./dados/2024_1/salas_preferenciais_2024.1.xlsx,/Users/robertdrey/Documents/workspace/development/alocador_de_salas,resultados/experimentos/2024_1/curso_pares/total4h_inicial3min_norel3min_viz10min/20260923_214522/melhor_solucao.sol,resultados/experimentos/2024_1/curso_pares/total4h_inicial3min_norel3min_viz10min/20260923_214522/historico.csv,resultados/experimentos/2024_1/curso_pares/total4h_inicial3min_norel3min_viz10min/20260923_214522/historico.json,180.0,1,180.0,600.0,1,0,MED,PED,78
